MBTI,Hobby,별명
ISTJ,운동,철벽운동꾼
ISTJ,운동,꼼꼼한체육교사
ISTJ,운동,세밀운동프로
ISTJ,운동,체력왕ISTJ
ISTJ,운동,루틴러버
ISTJ,운동,루틴체육돌
ISTJ,운동,체력만점왕
ISTJ,운동,신중운동러
ISTJ,운동,체육대장ISTJ
ISTJ,운동,피지컬강자
ISTJ,운동,체력천재
ISTJ,운동,운동계의명장
ISTJ,운동,무적운동기사
ISTJ,운동,철벽체력왕
ISTJ,운동,실천왕ISTJ
ISTJ,운동,체력뿜뿜러
ISTJ,독서,조용한 책벌레
ISTJ,독서,글귀 장인
ISTJ,독서,내향적 책사랑
ISTJ,독서,이심전심 독서가
ISTJ,독서,참선도서
ISTJ,독서,심도 있는 북허브
ISTJ,독서,행동하는 서재
ISTJ,독서,결단력있는 페이지턴너
ISTJ,독서,생각하는 인쇄병
ISTJ,독서,조용한 사서함
ISTJ,독서,신중한 김독서
ISTJ,독서,신중한 워드 마스터
ISTJ,독서,순응적 독서왕
ISTJ,독서,참을성있는 북마크
ISTJ,독서,항상 준비된 장서각
ISTJ,독서,끈기있는 책지기
ISTJ,음악,깊이있는음악가
ISTJ,음악,분석적인멜로디
ISTJ,음악,실용적인리듬마스터
ISTJ,음악,진지한노래꾼
ISTJ,음악,참신한템포
ISTJ,음악,신중한베이스라인
ISTJ,음악,디테일한악보
ISTJ,음악,신뢰받는트렉메이커
ISTJ,음악,계획적인실용음악가
ISTJ,음악,명확한음의조화
ISTJ,음악,꼼꼼한음표
ISTJ,음악,자기완결적인솔로
ISTJ,음악,인내력있는심포니
ISTJ,음악,굳건한동기부여가
ISTJ,음악,조용한음악의바다
ISTJ,음악,끈기있는리즈미스트
ISTJ,여행,차분여행자
ISTJ,여행,내면의항해자
ISTJ,여행,독서답사
ISTJ,여행,무표정발자국
ISTJ,여행,일상탈출러
ISTJ,여행,신중한배낭가
ISTJ,여행,수다스럽지않은여행가
ISTJ,여행,체계적인길잡이
ISTJ,여행,논리적인여행가
ISTJ,여행,계획적인나침반
ISTJ,여행,도서관넘어서
ISTJ,여행,조용한타파신
ISTJ,여행,냉철한바다일기
ISTJ,여행,무감동그라운드
ISTJ,여행,조용한장대비
ISTJ,여행,모험심있는묵언가
ISTJ,게임,게임천재 ISTJ
ISTJ,게임,조용한게임장인
ISTJ,게임,게임계의 논리왕
ISTJ,게임,책임지는게이머
ISTJ,게임,플레이의 이론가
ISTJ,게임,아이템 조합의 달인
ISTJ,게임,전략의 게임장인
ISTJ,게임,게임 속 철학가
ISTJ,게임,건강한 게임빠
ISTJ,게임,야심찬 레벨업
ISTJ,게임,깊이있는 게임취향
ISTJ,게임,냉철한 게임의자
ISTJ,게임,차분한 게임마스터
ISTJ,게임,논리적 아이템사냥꾼
ISTJ,게임,ISTJ의 게임철학
ISTJ,게임,신중의 달인 게이머
ISTJ,요리,레시피 마스터
ISTJ,요리,조리의 철학자
ISTJ,요리,볶음의 전설
ISTJ,요리,철저요리사
ISTJ,요리,식탁의 지휘자
ISTJ,요리,스프의 대가
ISTJ,요리,주방연구가
ISTJ,요리,분석적 요리인
ISTJ,요리,디저트 철인
ISTJ,요리,요리의 체계파
ISTJ,요리,조리논리왕
ISTJ,요리,음식 아이디어뱅크
ISTJ,요리,재료분석가
ISTJ,요리,맛집의 아이디어 제조사
ISTJ,요리,시크릿 요리챔피언
ISTJ,요리,파워풀 마인드 셰프
ISTJ,OTT시청,묵묵드라마왕
ISTJ,OTT시청,조용한시청자
ISTJ,OTT시청,OTT조련사
ISTJ,OTT시청,안방극장지킴이
ISTJ,OTT시청,리얼리티위주
ISTJ,OTT시청,드라마속노브레인
ISTJ,OTT시청,조용한비평가
ISTJ,OTT시청,ISTJ의시청세계
ISTJ,OTT시청,묵묵한비디오서퍼
ISTJ,OTT시청,진지한시청인
ISTJ,OTT시청,심도있는영화루키
ISTJ,OTT시청,꼼꼼드라마프로
ISTJ,OTT시청,차분한OTT이용자
ISTJ,OTT시청,확실한극장소유자
ISTJ,OTT시청,시청력왕
ISTJ,OTT시청,로그인마스터
ISTJ,문화생활,문화탐험가
ISTJ,문화생활,조곤조곤책벌레
ISTJ,문화생활,체크리스트감독관
ISTJ,문화생활,이색행사닥터
ISTJ,문화생활,추억의문화보관관
ISTJ,문화생활,미술관랜덤워커
ISTJ,문화생활,예술의비평왕
ISTJ,문화생활,독특한콘서트러버
ISTJ,문화생활,심각한박물관지기
ISTJ,문화생활,잔잔한오페라프렌즈
ISTJ,문화생활,역사여행의선장
ISTJ,문화생활,조용한극장매니아
ISTJ,문화생활,심혈을기울인전시회크리틱
ISTJ,문화생활,밀물썰물발라드형
ISTJ,문화생활,따뜻한미술작가
ISTJ,문화생활,신중한
ISFJ,운동,철심운동꾼
ISFJ,운동,몸짱이사장
ISFJ,운동,운동도사
ISFJ,운동,헬스지기
ISFJ,운동,스웨트민족
ISFJ,운동,체육대장
ISFJ,운동,팔굽혀펴기술사
ISFJ,운동,스쿼트마스터
ISFJ,운동,런닝맨
ISFJ,운동,운동광
ISFJ,운동,마라토너
ISFJ,운동,피트니스왕
ISFJ,운동,운동프릭
ISFJ,운동,액티브유
ISFJ,운동,바디빌더
ISFJ,운동,신체교육박사
ISFJ,독서,진지한 문예사
ISFJ,독서,책벌레 천재
ISFJ,독서,조용한 책사랑
ISFJ,독서,심오한 독서꾼
ISFJ,독서,속세를 넘어서는 독서인
ISFJ,독서,온화한 도서관장
ISFJ,독서,깊이를 읽는 이
ISFJ,독서,조용한 문학주의자
ISFJ,독서,인생꾼 독서인
ISFJ,독서,힐링 도서지기
ISFJ,독서,은은한 책향수
ISFJ,독서,밝은 지식나그네
ISFJ,독서,스토리 만드는 사람
ISFJ,독서,바른 생각 독서인
ISFJ,독서,끈기있는 책소비자
ISFJ,독서,따뜻한 책친구
ISFJ,음악,음악꽃미남
ISFJ,음악,리듬의정석
ISFJ,음악,진정한음색
ISFJ,음악,노래마법사
ISFJ,음악,뮤직스타일러
ISFJ,음악,센티멘탈하모니
ISFJ,음악,따뜻한노트
ISFJ,음악,감성리듬쟁이
ISFJ,음악,음악에빠진자
ISFJ,음악,노래하는편견돌파
ISFJ,음악,신비한음계
ISFJ,음악,멜로디로날다
ISFJ,음악,음악심장부
ISFJ,음악,사운드의왕
ISFJ,음악,음악폭풍
ISFJ,음악,하트비트메이커
ISFJ,여행,여행러브ISFJ
ISFJ,여행,ISFJ세계일주
ISFJ,여행,여행가이SFJ
ISFJ,여행,ISFJ행복나그네
ISFJ,여행,진정한여행가ISFJ
ISFJ,여행,ISFJ매일여행중
ISFJ,여행,여행레시피ISFJ
ISFJ,여행,트래블러ISFJ
ISFJ,여행,ISFJ연중무휴
ISFJ,여행,세계속의ISFJ
ISFJ,여행,서랍속의여행ISFJ
ISFJ,여행,여행만화ISFJ
ISFJ,여행,ISFJ여행일기
ISFJ,여행,별빛여행자ISFJ
ISFJ,여행,ISFJ세계탐험가
ISFJ,여행,ISFJ지도일기장
ISFJ,게임,조용한 킬러
ISFJ,게임,게임 속의 깨비
ISFJ,게임,컨트롤러 위의 얼음왕
ISFJ,게임,몰두의 정석
ISFJ,게임,조용한 승리자
ISFJ,게임,취미의 완벽주의자
ISFJ,게임,묵묵한 클리어맨
ISFJ,게임,신중한 챔피언
ISFJ,게임,공손전사 게임맨
ISFJ,게임,조용한 레벨업퍼
ISFJ,게임,언플러그드 게이머
ISFJ,게임,섬세한 전략가
ISFJ,게임,조용한게임마스터
ISFJ,게임,인내의 플레이어
ISFJ,게임,지혜의 퍼즐마스터
ISFJ,게임,책임감 강한 랭커.
ISFJ,요리,요리사랑ISFJ
ISFJ,요리,찬란한요리노트
ISFJ,요리,행복한밥솥
ISFJ,요리,조용한감자쉐프
ISFJ,요리,ISFJ의요리탐험
ISFJ,요리,따뜻한김치전왕
ISFJ,요리,정성가득찬요리인
ISFJ,요리,요리로행복을전하는ISFJ
ISFJ,요리,부드러운수제비왕
ISFJ,요리,마음을담은찌개마스터
ISFJ,요리,조용한요리의신
ISFJ,요리,이해심가득케이크제왕
ISFJ,요리,일가견밥상요리사
ISFJ,요리,누구나사랑하는푸딩요리사
ISFJ,요리,참된ISFJ의마파두부왕
ISFJ,요리,ISFJ의행복한차돌박이마스터
ISFJ,OTT시청,조용한비디오마스터
ISFJ,OTT시청,시청빠돌이노진구
ISFJ,OTT시청,온실가득드라마
ISFJ,OTT시청,씨네필름정리왕
ISFJ,OTT시청,내피셔널스트리밍러
ISFJ,OTT시청,조용한영화프렌즈
ISFJ,OTT시청,무소음시청마니아
ISFJ,OTT시청,평화로운시리즈프린스
ISFJ,OTT시청,따뜻한쇼보기왕
ISFJ,OTT시청,은은한OTT동호회장님
ISFJ,OTT시청,차분한비디오팬
ISFJ,OTT시청,빼애애앰드라마러
ISFJ,OTT시청,까페에서OTT
ISFJ,OTT시청,넷플릭스무드노인
ISFJ,OTT시청,고요한시청시간
ISFJ,OTT시청,친절한스트리밍은퇴자
ISFJ,문화생활,문화탐험가
ISFJ,문화생활,고요한예술가
ISFJ,문화생활,세심한음악광
ISFJ,문화생활,책읽는숲속의엘프
ISFJ,문화생활,조용한미술클럽
ISFJ,문화생활,배려심책장기사
ISFJ,문화생활,조용한음악여행가
ISFJ,문화생활,섬세한감성미술가
ISFJ,문화생활,문화생활지킴이
ISFJ,문화생활,깊은생각의영화감독
ISFJ,문화생활,차분한감상론자
ISFJ,문화생활,섬세한분석가의문화여행
ISFJ,문화생활,꼼꼼한공연평론가
ISFJ,문화생활,배려심깊은국악사랑
ISFJ,문화생활,행복한문화인간
ISFJ,문화생활,차분한오페라가이드
INFJ,운동,철학적인 운동꾼
INFJ,운동,깊이있는 스웨터
INFJ,운동,끈기있는 마라톤
INFJ,운동,자아정체성 액티브
INFJ,운동,행동하는 청춘
INFJ,운동,내면의 크로스핏
INFJ,운동,명상하는 스포츠맨
INFJ,운동,직관의 체조인
INFJ,운동,통찰의 피트니스
INFJ,운동,운명적인 레슬러
INFJ,운동,동기부여 마라토너
INFJ,운동,전략적인 야구인
INFJ,운동,심리적인 헬스마스터
INFJ,운동,부드러운 권투사
INFJ,운동,진심의 심야운동가
INFJ,운동,독특한 스피드스케이터
INFJ,독서,깊은책장
INFJ,독서,읽는열정가
INFJ,독서,무한독서왕
INFJ,독서,조용한물결
INFJ,독서,지혜의바다
INFJ,독서,페이퍼플래닛
INFJ,독서,헤르메스의수다쟁이
INFJ,독서,소소한책방
INFJ,독서,독서의신
INFJ,독서,지적인수호자
INFJ,독서,책벌레의왕
INFJ,독서,바다아래책장
INFJ,독서,문학적인셔록
INFJ,독서,철학적인산다
INFJ,독서,심오한책읽는이
INFJ,독서,깊은사색가
INFJ,음악,음악적인 통찰자
INFJ,음악,멜로디의 진실추구자
INFJ,음악,리듬의 인프로파이터
INFJ,음악,조용한 심포니
INFJ,음악,선율의 예언자
INFJ,음악,노래하는 내면세계
INFJ,음악,고독한 피아니스트
INFJ,음악,명상하는 드러머
INFJ,음악,침묵의 기타리스트
INFJ,음악,감성적인 음악여행자
INFJ,음악,정서의 바이올리니스트
INFJ,음악,깊은 생각의 베이스
INFJ,음악,내면의 작사가
INFJ,음악,인사이트 퍼커션
INFJ,음악,자아발견의 색소폰
INFJ,음악,본질탐구의 플루트
INFJ,여행,여행인간
INFJ,여행,이동중독자
INFJ,여행,정리왕여행가
INFJ,여행,감성어드벤처
INFJ,여행,INF여행러
INFJ,여행,독서여행가
INFJ,여행,통찰국적
INFJ,여행,심도있는발걸음
INFJ,여행,무계획마스터
INFJ,여행,깊이있는여행자
INFJ,여행,몽상가뱃사공
INFJ,여행,숲속의외톨이
INFJ,여행,조용한발자취
INFJ,여행,비밀의세계일주
INFJ,여행,내면의컴패스
INFJ,여행,항해하는철학자
INFJ,게임,인싸이트게이머
INFJ,게임,깊이의조이스틱
INFJ,게임,플레이어인라이프
INFJ,게임,게임소유자
INFJ,게임,스크롤의철학자
INFJ,게임,세계구출자
INFJ,게임,무한이해력게이머
INFJ,게임,위로의딜러
INFJ,게임,몽상형플레이어
INFJ,게임,게임의포스이드
INFJ,게임,창조력의콘솔러
INFJ,게임,생각하는버튼
INFJ,게임,마음의게임메이커
INFJ,게임,이상향수집가
INFJ,게임,감성적인킬러
INFJ,게임,환상의조향사
INFJ,요리,철학적요리사
INFJ,요리,깊이있는향미인
INFJ,요리,내면의조리왕
INFJ,요리,예술가의식탁
INFJ,요리,심오한맛남
INFJ,요리,감각적인요리왕
INFJ,요리,천재식감남
INFJ,요리,예민한맛집추천꾼
INFJ,요리,미각의천재
INFJ,요리,심리요리사
INFJ,요리,깊은맛의끝판왕
INFJ,요리,은밀한조리법
INFJ,요리,인프제이의맛집탐험
INFJ,요리,내수도의요리사
INFJ,요리,창조적인식탁
INFJ,요리,직관의요리왕
INFJ,OTT시청,풍요의 OTT자
INFJ,OTT시청,아날로그 영혼의 디지털 마스터
INFJ,OTT시청,깊은 시선의 고독한 시청자
INFJ,OTT시청,콘텐츠 속의 철학자
INFJ,OTT시청,암흑물질의 터널잠수부
INFJ,OTT시청,감성의 스토리텔러
INFJ,OTT시청,깊은 생각의 깊은 바다
INFJ,OTT시청,쉬지않는 영화계의 수호자
INFJ,OTT시청,시대를 읽는 시청자
INFJ,OTT시청,인간미 넘치는 콘텐츠 파서
INFJ,OTT시청,감성적인 몽상가
INFJ,OTT시청,생각하는 시청자의 밤
INFJ,OTT시청,소설가의 시청 습관
INFJ,OTT시청,미래를 보는 눈의 소유
INFJ,문화생활,문화매니아
INFJ,문화생활,독서의신
INFJ,문화생활,홀로서기
INFJ,문화생활,조용한감성가
INFJ,문화생활,인류애의미술관
INFJ,문화생활,은은한나무
INFJ,문화생활,책벌레영혼
INFJ,문화생활,스포의달인
INFJ,문화생활,시간여행자
INFJ,문화생활,변화의바다
INFJ,문화생활,생각의대장장이
INFJ,문화생활,풍경의시인
INFJ,문화생활,화가의마음
INFJ,문화생활,애정작가
INFJ,문화생활,가치있는날들
INFJ,문화생활,미래의예술가
INTJ,운동,창조적 철인
INTJ,운동,뇌섹운동꾼
INTJ,운동,전략적 스트렝스
INTJ,운동,철학적 골키퍼
INTJ,운동,지식의 야구왕
INTJ,운동,의도적인 월드컵
INTJ,운동,타고난 테니스 왕
INTJ,운동,냉혹한 농구장의 왕
INTJ,운동,아이디어 래셔널 피트니스
INTJ,운동,꿈꾸는 독수리
INTJ,운동,영리한 올림픽
INTJ,운동,독자적인 다이어트 마스터
INTJ,운동,사색하는 사이클리스트
INTJ,운동,청량한 체육교사
INTJ,운동,이치를 파는 패러글라이더
INTJ,운동,생각하는 서퍼.
INTJ,독서,독서마술사
INTJ,독서,진지한책사랑
INTJ,독서,묵직한쪽발
INTJ,독서,본격독서가
INTJ,독서,철학적읽사
INTJ,독서,조용한무한도전
INTJ,독서,빠진책별
INTJ,독서,북유령
INTJ,독서,침묵의책장
INTJ,독서,숲속의도서관장
INTJ,독서,읽기마스터
INTJ,독서,페이지투어
INTJ,독서,독서프로
INTJ,독서,북커피
INTJ,독서,책벌레의왕
INTJ,독서,독서괴물
INTJ,음악,논리적 음률
INTJ,음악,음표의 철학자
INTJ,음악,비밀의 아티스트
INTJ,음악,고요한 화음
INTJ,음악,차가운 선율
INTJ,음악,예측불허 멜로디
INTJ,음악,조용한 음악 혁명가
INTJ,음악,냉철한 라이너노트
INTJ,음악,깊은 고요 속의 리듬
INTJ,음악,논리적인 바이올리니스트
INTJ,음악,창의의 피아니스트
INTJ,음악,인텔리팝의 주인공
INTJ,음악,명상의 하모니스트
INTJ,음악,유려한 고독의 콘트라베이스
INTJ,음악,비밀스러운 히든트랙
INTJ,음악,침묵의 노래꾼
INTJ,여행,여행계획명인
INTJ,여행,명상하는길잡이
INTJ,여행,전략적방랑자
INTJ,여행,담백한 여행자
INTJ,여행,철학적백패커
INTJ,여행,인텔리전트길찾기
INTJ,여행,월드피넛
INTJ,여행,독서여행가
INTJ,여행,깊이를여행하는인간
INTJ,여행,여행의철학도
INTJ,여행,논리적여행지기
INTJ,여행,꿈의여행도서관
INTJ,여행,INTJ컴패스
INTJ,여행,여행하는아이젠하워
INTJ,여행,논리적인신비여행
INTJ,여행,비행하는지성인
INTJ,게임,논리왕 조이스틱
INTJ,게임,철학적 게이머
INTJ,게임,게임 철학자
INTJ,게임,전략의 명장
INTJ,게임,브레인 게임러
INTJ,게임,전략파 조이사랑
INTJ,게임,두뇌전사 게임러
INTJ,게임,게임 속의 심리학자
INTJ,게임,독불장군 콘솔
INTJ,게임,블루프린트 플레이어
INTJ,게임,게임 설계자
INTJ,게임,논리적 레이더
INTJ,게임,게임 메테오리스트
INTJ,게임,체스마스터 게이머
INTJ,게임,냉철한 버튼 날봉
INTJ,게임,비전을 그리는 게이머
INTJ,요리,철학적 요리사
INTJ,요리,논리적 식탁장인
INTJ,요리,인트짜장
INTJ,요리,냉정한 레시피
INTJ,요리,요리의 성좌
INTJ,요리,내향적 마스터셰프
INTJ,요리,차분한 불맛
INTJ,요리,준비성 요리달인
INTJ,요리,체계적 떡볶이
INTJ,요리,인텔리장국
INTJ,요리,타깃팅 쿠키
INTJ,요리,식탁의 전략병
INTJ,요리,요리 워렌버핏
INTJ,요리,시끄러운 냄비의 주인
INTJ,요리,아이디어 라면
INTJ,요리,냉철한 스테이크
INTJ,OTT시청,끊임없는 드라마빵
INTJ,OTT시청,오리지널 주의 고독한 늑대
INTJ,OTT시청,아이디어 발전소
INTJ,OTT시청,비밀스러운 시리즈 사냥꾼
INTJ,OTT시청,로직퀸 왕좌의 세도
INTJ,OTT시청,분석적인 뷰잉 마스터
INTJ,OTT시청,드라마 독서관장 선생님
INTJ,OTT시청,오리지널만을 추구하는 판별왕
INTJ,OTT시청,시간여행자의 OTT 세계
INTJ,OTT시청,고독한 시청자의 밤
INTJ,OTT시청,영화로 살아가는 IN자의 삶
INTJ,OTT시청,다큐멘터리의 전략가
INTJ,OTT시청,시청률 분석가의 꿈
INTJ,OTT시청,몰입도
INTJ,문화생활,철학적인 문화요정
INTJ,문화생활,아이디어뱅크
INTJ,문화생활,조용한 문화탐험가
INTJ,문화생활,사색의 거장
INTJ,문화생활,독서명상가
INTJ,문화생활,이론의 페인터
INTJ,문화생활,논리적인 문화유산
INTJ,문화생활,창의의 에세이스트
INTJ,문화생활,대화하는 갤러리
INTJ,문화생활,방구석 예술지킴이
INTJ,문화생활,조용한 책방주인
INTJ,문화생활,치밀한 연극가
INTJ,문화생활,사색의 독서광
INTJ,문화생활,냉정한 문화사랑꾼
INTJ,문화생활,합리적인 문화기획자
INTJ,문화생활,내면의 아티스트
ISTP,운동,철벽운동꾼
ISTP,운동,무뚝뚝헬스맨
ISTP,운동,조용한브루스리
ISTP,운동,침묵의헬스킹
ISTP,운동,타이탄포즈
ISTP,운동,SOLO마라토너
ISTP,운동,진지러너
ISTP,운동,아이언꾼ISTP
ISTP,운동,피티스타ISTP
ISTP,운동,레오파드스피드
ISTP,운동,달리기사냥꾼
ISTP,운동,체육관장ISTP
ISTP,운동,스트렝스질주왕
ISTP,운동,ISTP화이트마블
ISTP,운동,운동프로DIGEST
ISTP,운동,킹오브헬스ISTP
ISTP,독서,독서의달인
ISTP,독서,책벌레
ISTP,독서,고독한독서꾼
ISTP,독서,분석의명인
ISTP,독서,차가운책장
ISTP,독서,지구빠진독서꾼
ISTP,독서,책에빠진ISTP
ISTP,독서,독서ISTP님
ISTP,독서,용그리는독서왕
ISTP,독서,행복한책속세계
ISTP,독서,무병장수독서인
ISTP,독서,책과나
ISTP,독서,꼼꼼독서꾼
ISTP,독서,냉철한분석가
ISTP,독서,청던한독서왕
ISTP,독서,내용흡수왕
ISTP,음악,실용주의 음악가
ISTP,음악,탐색하는 멜로디
ISTP,음악,평형있는 리듬술사
ISTP,음악,고독한 피아노맨
ISTP,음악,내면의 오페라
ISTP,음악,세심한 음표지기
ISTP,음악,곤란한 솔로
ISTP,음악,담백한 악보사
ISTP,음악,언더스탠딩 스코어
ISTP,음악,무뚝뚝한 사운드마스터
ISTP,음악,아날로그빈티지
ISTP,음악,신비한 펑크소울
ISTP,음악,고요한 재즈바
ISTP,음악,논리적인 록밴드
ISTP,음악,세분화된 무드메이커
ISTP,음악,독특한 뮤직포트레잇
ISTP,여행,독자적여행자
ISTP,여행,고요한바다
ISTP,여행,돌아다니는절대자
ISTP,여행,여행의모험가
ISTP,여행,탐색의전문가
ISTP,여행,쉼없는발걸음
ISTP,여행,논리의지표
ISTP,여행,리얼무브멘트
ISTP,여행,묵직한바퀴
ISTP,여행,캠프파이어소울
ISTP,여행,정형돌파자
ISTP,여행,골라드는세계여행자
ISTP,여행,하이킹서바이버
ISTP,여행,본능적인지도사
ISTP,여행,무한여행가
ISTP,여행,내면의여행자
ISTP,게임,게임명인
ISTP,게임,조용한버튼왕
ISTP,게임,심리퍼즐마스터
ISTP,게임,차분한조이스틱
ISTP,게임,게임철학가
ISTP,게임,창조의플레이어
ISTP,게임,깊은묵 contemplator
ISTP,게임,롤러코스터 드라이버
ISTP,게임,비밀의게임매니아
ISTP,게임,내면의전사
ISTP,게임,냉정한게임술사
ISTP,게임,감성적인게임무사
ISTP,게임,심오한전략왕
ISTP,게임,구슬놀이의대가
ISTP,게임,던전의명장
ISTP,게임,침착한버튼요정
ISTP,요리,조용한 마스터셰프
ISTP,요리,요리하는 철학자
ISTP,요리,손맛의 천재
ISTP,요리,한끼의 마법사
ISTP,요리,정밀요리의 천재
ISTP,요리,맛집여행자 ISTP
ISTP,요리,상상력의 요리왕
ISTP,요리,절제된 맛의 창조자
ISTP,요리,묵직한 맛의 요리사
ISTP,요리,음식의 조용한 탐구자
ISTP,요리,효율적인 요리유닛
ISTP,요리,개념적인 음식의 제왕
ISTP,요리,요리하는 이론가
ISTP,요리,침착한 맛의 탐색가
ISTP,요리,정밀한 도구의 요리사
ISTP,요리,실용주의 키친마스터
ISTP,OTT시청,독서노마드
ISTP,OTT시청,플렉스플릭스
ISTP,OTT시청,조용한빙거왕
ISTP,OTT시청,스트림잠재꾼
ISTP,OTT시청,팝콘사냥꾼
ISTP,OTT시청,백과사전머리
ISTP,OTT시청,편집장인
ISTP,OTT시청,침대용사
ISTP,OTT시청,시즌제로
ISTP,OTT시청,소파정복자
ISTP,OTT시청,묵직한비평가
ISTP,OTT시청,새벽시청대장
ISTP,OTT시청,퀵뷰영웅
ISTP,OTT시청,플릭스터프
ISTP,OTT시청,프라임지기
ISTP,OTT시청,에피소드헌터
ISTP,문화생활,문화탐험가
ISTP,문화생활,콕콕쿠르기
ISTP,문화생활,차분한영화감독
ISTP,문화생활,미술관지기
ISTP,문화생활,조용한음악가
ISTP,문화생활,무대마스터
ISTP,문화생활,공연지킴이
ISTP,문화생활,아트라이프
ISTP,문화생활,고독한문학가
ISTP,문화생활,침묵의박물관
ISTP,문화생활,조용한지식인
ISTP,문화생활,찰나의예술가
ISTP,문화생활,책읽는데일인
ISTP,문화생활,문화콜렉터
ISTP,문화생활,인생미술관장
ISTP,문화생활,로컬문화투어리스트
ISFP,운동,매서운 체력왕
ISFP,운동,IS운동광
ISFP,운동,감성 운동매니아
ISFP,운동,청량감 브레스
ISFP,운동,종이사자 ISFP
ISFP,운동,미래의 피트니스 스타
ISFP,운동,신비로운 근력왕
ISFP,운동,카리스마 트레이너
ISFP,운동,가련한 런닝맨
ISFP,운동,실내용사 ISFP
ISFP,운동,슬림요가 킹
ISFP,운동,진심운동인
ISFP,운동,촉촉한 스트레칭 마스터
ISFP,운동,기분전환 스포츠맨
ISFP,운동,힐링런너 ISFP
ISFP,운동,깊은바다 같은 폼 체조인
ISFP,독서,'도서광'피케이
ISFP,독서,'조용한독서왕'
ISFP,독서,'내면의작가'
ISFP,독서,'독서의신'
ISFP,독서,'조용한글쟁이'
ISFP,독서,'스토리텔러'
ISFP,독서,'페이지지킴이'
ISFP,독서,'미미책방'
ISFP,독서,'도서천사'
ISFP,독서,'소심한현자'
ISFP,독서,'책벌레의왕'
ISFP,독서,'몽상가독서광'
ISFP,독서,'인생책장'
ISFP,독서,'책읽는고양이'
ISFP,독서,'힐링북카페'
ISFP,독서,'따뜻한책방'
ISFP,음악,음향여행자
ISFP,음악,소리의미술관
ISFP,음악,선율조각가
ISFP,음악,노래하는이심리학자
ISFP,음악,안소늘창작가
ISFP,음악,별빛가사작가
ISFP,음악,선율소년
ISFP,음악,무드메이커
ISFP,음악,감성풍경화
ISFP,음악,음악수호자
ISFP,음악,내면의선율
ISFP,음악,귀족적인음색
ISFP,음악,진실의노래순례자
ISFP,음악,완벽한음색
ISFP,음악,피아노의부드러움
ISFP,음악,선율의철학자
ISFP,여행,여행프로아티스트
ISFP,여행,발자취리스트
ISFP,여행,고요한백팩커
ISFP,여행,조용한항해자
ISFP,여행,편안한들판여행자
ISFP,여행,은둔서바이벌러
ISFP,여행,세계망령소년(소녀)
ISFP,여행,행복찾기드리프터
ISFP,여행,파란빛추억여행
ISFP,여행,ISFP의길잡이
ISFP,여행,여행하는조용바다
ISFP,여행,유유자적미도인
ISFP,여행,자연방랑파인더
ISFP,여행,이국적인선유도인
ISFP,여행,풍경따라흘러가는자
ISFP,여행,세상사는고독한행성
ISFP,게임,창작조이스틱
ISFP,게임,심적게이머
ISFP,게임,판타지즈
ISFP,게임,세심플레이어
ISFP,게임,스킬풀마법사
ISFP,게임,감성아케이드
ISFP,게임,침묵의레이드
ISFP,게임,피아노키보드워
ISFP,게임,디테일리스트
ISFP,게임,퀘스트러버
ISFP,게임,피크시추어이터
ISFP,게임,작은파편콜렉터
ISFP,게임,페르소나승부사
ISFP,게임,자연스런승리자
ISFP,게임,안개의워리어
ISFP,게임,홀로그램헌터
ISFP,요리,무화과 요리사
ISFP,요리,반짝조리왕
ISFP,요리,내면의 쉐프
ISFP,요리,요리의 비밀요원
ISFP,요리,감성 요리인
ISFP,요리,시크릿 레시피
ISFP,요리,조용한 레스토랑
ISFP,요리,인싸이더 식객
ISFP,요리,세심조리도사
ISFP,요리,산뜻한 사발사
ISFP,요리,감각적인 미식가
ISFP,요리,요리의 마술사
ISFP,요리,창조적인 푸드가이
ISFP,요리,성실한 테이스트메이커
ISFP,요리,취향 저격 쿡
ISFP,요리,독창적인 키친킹
ISFP,OTT시청,드라마의여왕
ISFP,OTT시청,OTT마스터
ISFP,OTT시청,영화플러스
ISFP,OTT시청,차분한TV광
ISFP,OTT시청,미드의주인
ISFP,OTT시청,찰나의눈빛
ISFP,OTT시청,팝콘사랑
ISFP,OTT시청,잠재적감독
ISFP,OTT시청,꿈의MVP
ISFP,OTT시청,키보드요정
ISFP,OTT시청,배경화면소녀
ISFP,OTT시청,아늑한삶달인
ISFP,OTT시청,심야극장
ISFP,OTT시청,베개와TV
ISFP,OTT시청,휴식스크린
ISFP,OTT시청,선별적시청꾼
ISFP,문화생활,문화탐험가
ISFP,문화생활,깊은감성가
ISFP,문화생활,아트스타
ISFP,문화생활,향유의제왕
ISFP,문화생활,펜셔너리스트
ISFP,문화생활,조용한영감
ISFP,문화생활,독서의별
ISFP,문화생활,스토리텔러
ISFP,문화생활,문화의주인공
ISFP,문화생활,세계를읽는자
ISFP,문화생활,뮤직러블
ISFP,문화생활,끝없는상상력
ISFP,문화생활,성찰의달인
ISFP,문화생활,이색체험가
ISFP,문화생활,공연의마술사
ISFP,문화생활,감미로운명상가
INFP,운동,꿈매직 운동광
INFP,운동,심심풀이 챌린지러
INFP,운동,인싸이드 에너자이저
INFP,운동,창의력 머슬맨
INFP,운동,피트니스 환상주의자
INFP,운동,독특마블 트레이너
INFP,운동,내면의 히어로
INFP,운동,가식없는 기린
INFP,운동,첨단유연왕
INFP,운동,프리스타일 코리오
INFP,운동,달콤한 스웨트마스터
INFP,운동,차분한 런닝매니아
INFP,운동,만능스포츠맨
INFP,운동,운동에 미쳐버린 환상가
INFP,운동,명상하는 체육돌이
INFP,운동,따뜻한 마
INFP,독서,'창조의 독서꾼'
INFP,독서,'소설의 고독한 철학자'
INFP,독서,'책문의 몽상가'
INFP,독서,'인문 유람자'
INFP,독서,'감성적인 책벌레'
INFP,독서,'도서의 허수아비'
INFP,독서,'어느날의 퓨전 독서'
INFP,독서,'페이지의 명상가'
INFP,독서,'무한의 독서정령'
INFP,독서,'서재의 동경가'
INFP,독서,'인생책의 선론가'
INFP,독서,'글감의 탐험가'
INFP,독서,'책장의 파랑새'
INFP,독서,'속책의 산적'
INFP,독서,'가상세계의 건축가'
INFP,독서,'인피니티 독서인'
INFP,음악,멜로디 천사
INFP,음악,음표남녀
INFP,음악,노래하는 성인
INFP,음악,메트로놈의 숨결
INFP,음악,음악가득 청춘
INFP,음악,흑백 건반 물결
INFP,음악,리듬의 독서가
INFP,음악,퀘스트 음악
INFP,음악,별빛 가사장인
INFP,음악,합주의 친구
INFP,음악,에코 뮤지션
INFP,음악,하모니 주술사
INFP,음악,애프터 비트
INFP,음악,꿈꾸는 뮤지컬
INFP,음악,콰이엇 크레센도
INFP,음악,실내악의 비밀.
INFP,여행,여행하는시선
INFP,여행,추억의여행사
INFP,여행,꿈을그리는배낭자
INFP,여행,나비처럼날아라
INFP,여행,길을찾는내면의소리
INFP,여행,세상의모퉁이을찾아서
INFP,여행,메아리치는여행인
INFP,여행,밀림에서찾은자유
INFP,여행,비밀스러운세계여행자
INFP,여행,세계를걷는발걸음
INFP,여행,"작은발자국,큰흔적"
INFP,여행,나날이바뀌는시간여행자
INFP,여행,그림자속으로사라진여행자
INFP,여행,아득한멀미에빠진이야기꾼
INFP,여행,여정의마지막에서첫번째로
INFP,여행,글로벌노마
INFP,게임,꿈꾸는 게이머
INFP,게임,인싸이트 조이스틱
INFP,게임,조용한 도전자
INFP,게임,픽셀 이상주의자
INFP,게임,이너게임 휴지
INFP,게임,빅픽처 게임학자
INFP,게임,임팩트 전략가
INFP,게임,비밀의 체크포인트
INFP,게임,케릭터 이해도 100%
INFP,게임,은둔형 아이템 헌터
INFP,게임,월드맵 내면여행자
INFP,게임,조용한 승리의 비밀병기
INFP,게임,스토리텔러 게임마스터
INFP,게임,섬세한 스킬트리
INFP,게임,무형의 트레져헌터
INFP,게임,소프트파워 배틀러님
INFP,요리,허브향 가득 셰프
INFP,요리,쿨내요리사
INFP,요리,마음을 먹는 셰프
INFP,요리,천재 요리 연구가
INFP,요리,재료와 소통하는 셰프
INFP,요리,철학적 셰프
INFP,요리,소환사 요리사
INFP,요리,마법의 향신료
INFP,요리,시크릿 레시피
INFP,요리,감성적인 장바구니
INFP,요리,비밀의 주방장
INFP,요리,깊이있는 식감 셰프
INFP,요리,가슴 뛰는 레시피
INFP,요리,스토리텔링 요리사
INFP,요리,마음으로 보는 셰프
INFP,요리,이야기를 그리는 요리사
INFP,OTT시청,깊은드라마탐험가
INFP,OTT시청,감성TV마스터
INFP,OTT시청,OTT풍경화가
INFP,OTT시청,독서실낭만가
INFP,OTT시청,빅데이터영화소비자
INFP,OTT시청,가상의무대오락가
INFP,OTT시청,비밀의드라마소비자
INFP,OTT시청,공감무한재생가
INFP,OTT시청,인생드라마헌터
INFP,OTT시청,내면의눈뭉치시청자
INFP,OTT시청,철학적인시청체험가
INFP,OTT시청,드라마인프루언서
INFP,OTT시청,적막한영화심장가
INFP,OTT시청,드라마로묵상하는사람
INFP,OTT시청,독서실의영화혁명가
INFP,OTT시청,넷플릭스광팬인생
INFP,문화생활,문화탐험가
INFP,문화생활,행복한게으름뱅이
INFP,문화생활,고요한감성주
INFP,문화생활,마음의화가
INFP,문화생활,깊이있는꿈틀이
INFP,문화생활,예쁜생각의주인
INFP,문화생활,천국의분수
INFP,문화생활,무한한상상력
INFP,문화생활,미소되기
INFP,문화생활,애잔한심장의주인
INFP,문화생활,구름위에있음
INFP,문화생활,아리따운이해형
INFP,문화생활,음악이되는마음
INFP,문화생활,부드러운외침
INFP,문화생활,설레임수집가
INFP,문화생활,작은행복의창조자
INTP,운동,철학적운동광
INTP,운동,액티브분석가
INTP,운동,논리적피트니스
INTP,운동,슬로우짐러트
INTP,운동,헬스청춘
INTP,운동,액티브인트로버트
INTP,운동,브레인피트
INTP,운동,논리의운동멘토
INTP,운동,철학적인피트니스프릭
INTP,운동,이론적아슬렛
INTP,운동,탐구력운동러
INTP,운동,체력인지전사
INTP,운동,시뮬레이션트레이너
INTP,운동,독서운동왕
INTP,운동,깊은생각의체조인
INTP,운동,지적운동국어사.
INTP,독서,지식의 빛나비
INTP,독서,철학자 독서왕
INTP,독서,책벌레 천재
INTP,독서,창의력 도서관
INTP,독서,책 향기 숨쉬기
INTP,독서,분석의 페이지 별
INTP,독서,독서의 꿈꾸는 별
INTP,독서,안식처 책 숲
INTP,독서,이야기의 파도
INTP,독서,시간여행 독서인
INTP,독서,고요한 문장의 바다
INTP,독서,책속의 탐험가
INTP,독서,생각 빼곡한 장
INTP,독서,심오한 인문학의 꽃
INTP,독서,통찰의 책바탕
INTP,독서,깊이있는 새벽 독서자
INTP,음악,분석가 뮤지션
INTP,음악,음악철학가
INTP,음악,기타치는 논리왕
INTP,음악,사색의 멜로디
INTP,음악,피아노 고독자
INTP,음악,노래하는 이론가
INTP,음악,연구하는 아티스트
INTP,음악,분석하는 바이올리니스트
INTP,음악,소리의 수학자
INTP,음악,노래하는 두뇌파
INTP,음악,생각하는 음악가
INTP,음악,논리의 피아노맨
INTP,음악,음악의 천재적인 고독
INTP,음악,노래하는 퍼즐마스터
INTP,음악,리듬의 분석가
INTP,음악,고요한 고수리스트
INTP,여행,여행 철학자
INTP,여행,여행별 성격학자
INTP,여행,터무니탐험가
INTP,여행,세계안경인
INTP,여행,배낭의 철인
INTP,여행,독특여행전문가
INTP,여행,배낭안의 과학자
INTP,여행,논리적 방랑자
INTP,여행,명상하는 나침반
INTP,여행,세계를 읽는 사람
INTP,여행,철학적 행선지
INTP,여행,여행하는 사색가
INTP,여행,탐험의 논리왕
INTP,여행,지식의 여행지
INTP,여행,알고보는 길잡이
INTP,여행,개념지도의 선장
INTP,게임,철학왕게이머
INTP,게임,인생셔틀링커
INTP,게임,퍼즐해커
INTP,게임,논리장인게임광
INTP,게임,판타지생각조각가
INTP,게임,전략의논리왕
INTP,게임,브레인스톰마법사
INTP,게임,씽킹캡슐러닝맨
INTP,게임,게임속의철학자
INTP,게임,지혜의코드브레이커
INTP,게임,퀘스트의여정별
INTP,게임,이론왕픽셀전사
INTP,게임,철학적게임마스터
INTP,게임,논증력의아이돌헌터
INTP,게임,감정의퍼즐마에스트로
INTP,게임,창조적인게임천재
INTP,요리,심심백서의 조리사
INTP,요리,요리하는 철학자
INTP,요리,마음의 식탁
INTP,요리,혼밥 천재
INTP,요리,두뇌식사
INTP,요리,인싸이트 셰프
INTP,요리,브레인 스프
INTP,요리,철학적 고수
INTP,요리,요리의 천재지변
INTP,요리,이론으로 쿡쿡
INTP,요리,씽씽이의 요리대회
INTP,요리,레시피의 천재
INTP,요리,식당의 명물
INTP,요리,요리의 철학적 접근
INTP,요리,과학적 맛품
INTP,요리,키친 이노베이터
INTP,OTT시청,딥빛 철학가
INTP,OTT시청,생각의 독서꾼
INTP,OTT시청,분석왕 드라망
INTP,OTT시청,오티티 현자
INTP,OTT시청,시나리오 성찰가
INTP,OTT시청,내면의 고독한 별
INTP,OTT시청,시청의 고수
INTP,OTT시청,쉬지 않는 드라마 탐험가
INTP,OTT시청,데카르트의 빠른 채널 돌리미
INTP,OTT시청,생각빠른 스토리텔링
INTP,OTT시청,심오한 오티티 챔피언
INTP,OTT시청,드라마를 타고나는 생각가
INTP,OTT시청,눈빛의 미디어 학자
INTP,OTT시청,환상의 오락가락 철학자
INTP,OTT시청,오티티의 깊은 해석
INTP,문화생활,문화의탐험가
INTP,문화생활,지식나비
INTP,문화생활,아이디어뱅크
INTP,문화생활,창의적인트로버트
INTP,문화생활,문화술사
INTP,문화생활,논리왕자
INTP,문화생활,생각의아이콘
INTP,문화생활,문화요정
INTP,문화생활,창의적인퍼즐당사자
INTP,문화생활,계획미술파
INTP,문화생활,분석의문화가
INTP,문화생활,인문학의탐구자
INTP,문화생활,지성의컬처라이프
INTP,문화생활,사색의화가
INTP,문화생활,논리적문화감수성파
INTP,문화생활,추상적인탐색가
ESTP,운동,역동력풀셋
ESTP,운동,움직임의장인
ESTP,운동,비트폭발매니아
ESTP,운동,신체활동대장
ESTP,운동,프로운동가
ESTP,운동,아드레날린충전
ESTP,운동,운동유전자
ESTP,운동,스트레스풀기왕
ESTP,운동,끼부리는스포츠맨
ESTP,운동,배터리풀파워
ESTP,운동,무비잇키운동광
ESTP,운동,라이프피트니스
ESTP,운동,체력킹콩
ESTP,운동,러닝개미동호가
ESTP,운동,깨달음의운동
ESTP,운동,파워발산마스터
ESTP,독서,활발한 책벌레
ESTP,독서,도서관의 호랑이
ESTP,독서,읽는 탐험가
ESTP,독서,책 속의 액션스타
ESTP,독서,도전주의 독서왕
ESTP,독서,실천형 독서전사
ESTP,독서,책 속의 현실주의자
ESTP,독서,케이티브리더
ESTP,독서,실용주의 독서인
ESTP,독서,독서의 활동가
ESTP,독서,책경험 ESTP
ESTP,독서,도서의 실천가
ESTP,독서,방랑하는 책사랑
ESTP,독서,독서의 에너지폭발
ESTP,독서,책속의 체험주의자
ESTP,독서,ESTP의 독서여행
ESTP,음악,음표날리는 활력충
ESTP,음악,리듬을 느끼는 현실가
ESTP,음악,멜로디의 에너지맨
ESTP,음악,비트를 타는 행동파
ESTP,음악,음악하는 탐험가
ESTP,음악,노래하는 타협없는 솔직쟁이
ESTP,음악,동요의 판타지스트
ESTP,음악,라이브 콘서트 정리맨
ESTP,음악,감성적인 락스타
ESTP,음악,현장감 넘치는 울림장인
ESTP,음악,소리의 순간포착자
ESTP,음악,노랫말의 청량함
ESTP,음악,재즈를 호흡하는 체감파
ESTP,음악,음악적인 스피디함
ESTP,음악,선율이 있는 개척자
ESTP,음악,바이올린
ESTP,여행,여행마법사
ESTP,여행,길잡이ESTP
ESTP,여행,모험가레인저
ESTP,여행,나침반상자
ESTP,여행,러브트래블러
ESTP,여행,무빙스타
ESTP,여행,액티브노마드
ESTP,여행,감각적여행자
ESTP,여행,완벽한일주일
ESTP,여행,발걸음은지도
ESTP,여행,패스포트히어로
ESTP,여행,월드클래스여행가
ESTP,여행,여행비행사
ESTP,여행,풍경의신
ESTP,여행,ESTP의창가석
ESTP,여행,즉흥여행마스터
ESTP,게임,액션마스터
ESTP,게임,전략의신
ESTP,게임,베이스캠프
ESTP,게임,통찰의광대
ESTP,게임,사이버나인
ESTP,게임,젤리버스터
ESTP,게임,무적게임왕
ESTP,게임,스킬풀드래곤
ESTP,게임,게임서밋
ESTP,게임,창조의나래
ESTP,게임,결정적일격
ESTP,게임,엔드게이머
ESTP,게임,챔피언소울
ESTP,게임,업그레이드마법사
ESTP,게임,초강력조이스틱
ESTP,게임,바운티헌터
ESTP,요리,활력요리왕
ESTP,요리,돌발요리사
ESTP,요리,현실주의자의테이블
ESTP,요리,센스있는주방장
ESTP,요리,조미료매직
ESTP,요리,담백한요리의신
ESTP,요리,에너지폭발셰프
ESTP,요리,행동적인요리사
ESTP,요리,퀵서비스조리담당
ESTP,요리,요리장인파워
ESTP,요리,시원시원한요리비법
ESTP,요리,직관요리선생
ESTP,요리,체이스더테이스트
ESTP,요리,실용주의자의요리
ESTP,요리,민첩한손동작요리사
ESTP,요리,행동파요리인
ESTP,OTT시청,능동적 OTT킹
ESTP,OTT시청,활동가 영상중독
ESTP,OTT시청,스트림맨
ESTP,OTT시청,드라마장인
ESTP,OTT시청,비디오바이킹
ESTP,OTT시청,시리즈정복자
ESTP,OTT시청,속도위주 스트리머
ESTP,OTT시청,재능충전 영화팬
ESTP,OTT시청,빠저라마스터
ESTP,OTT시청,드라마 여행가
ESTP,OTT시청,즉흥시청자
ESTP,OTT시청,영상포션
ESTP,OTT시청,편안한쇼타임
ESTP,OTT시청,넷플릭스나이트
ESTP,OTT시청,온더테이블 쿠첸
ESTP,OTT시청,플릭스크런처
ESTP,문화생활,미술관의 천재
ESTP,문화생활,문화탐험가
ESTP,문화생활,ESTP의 문화운동가
ESTP,문화생활,책벌레 찾는 벌레
ESTP,문화생활,문화홀릭
ESTP,문화생활,독서의 왕자
ESTP,문화생활,박물관의 친구
ESTP,문화생활,책의 바다
ESTP,문화생활,전시회의 신사
ESTP,문화생활,라이프스타일 읽는 사람
ESTP,문화생활,콘서트의 국보
ESTP,문화생활,영화의 전설
ESTP,문화생활,이색뮤지엄의 대장
ESTP,문화생활,문화라이프를 사랑하는 사람
ESTP,문화생활,예술의 황제
ESTP,문화생활,교양의 나침반
ESFP,운동,활동왕
ESFP,운동,에너지풀충
ESFP,운동,움직임의지존
ESFP,운동,스포츠지니어스
ESFP,운동,근육요정
ESFP,운동,리듬요정
ESFP,운동,진동의바람
ESFP,운동,바운싱타이거
ESFP,운동,런닝매니아
ESFP,운동,체력왕콩
ESFP,운동,유산소계의전설
ESFP,운동,스트레칭마스터
ESFP,운동,스포츠매직
ESFP,운동,에너지폭발
ESFP,운동,액티브엔젤
ESFP,운동,무브무브마스터.
ESFP,독서,활력독서왕
ESFP,독서,에너제틱북러버
ESFP,독서,팝북스타
ESFP,독서,책읽는연예인
ESFP,독서,동글북오빠
ESFP,독서,에스북피
ESFP,독서,행복한책벌레
ESFP,독서,책읽는성격왕
ESFP,독서,서재의마법사
ESFP,독서,책이끌린사람
ESFP,독서,외향독서괴물
ESFP,독서,핫플레이스북카페
ESFP,독서,북사랑스파클러
ESFP,독서,시원한독서달인
ESFP,독서,긍정의책벌레
ESFP,독서,행운의북랑데뷰
ESFP,음악,콘서트귀신
ESFP,음악,리듬장인
ESFP,음악,음표귀신
ESFP,음악,비트헌터
ESFP,음악,메트로놈마스터
ESFP,음악,노래심장
ESFP,음악,쉼표의미술가
ESFP,음악,앙상블의기승
ESFP,음악,템포의지배자
ESFP,음악,음악별체
ESFP,음악,박자의마법사
ESFP,음악,선율의스나이퍼
ESFP,음악,명곡뱅커
ESFP,음악,멜로디아티스트
ESFP,음악,허무폭풍
ESFP,음악,리듬의미로
ESFP,여행,여행스토리텔러
ESFP,여행,발길닿는곳사랑
ESFP,여행,세계를누비는ESFP
ESFP,여행,길을즐기는자
ESFP,여행,아드벤처러버
ESFP,여행,즐거운유랑자
ESFP,여행,확실한여행러
ESFP,여행,터치마이트립
ESFP,여행,미소여행사제작자
ESFP,여행,트래블러ESFP
ESFP,여행,웃음꽃피는길
ESFP,여행,세계를품는ESFP
ESFP,여행,전세계우정여행
ESFP,여행,길바라기ESFP
ESFP,여행,기억의여행가
ESFP,여행,걸어서세계속으로
ESFP,게임,열정joystick
ESFP,게임,판타지마스터
ESFP,게임,게임장인
ESFP,게임,낙천게이머
ESFP,게임,실시간전사
ESFP,게임,리얼게임조커
ESFP,게임,스테이지지배자
ESFP,게임,공상의공작자
ESFP,게임,레벨업히어로
ESFP,게임,액션멜로디
ESFP,게임,활기르르매니아
ESFP,게임,웃음꽃게이머
ESFP,게임,사교적인치트키
ESFP,게임,코스튬러버
ESFP,게임,즉흥적인포토모드
ESFP,게임,신나게임메이커
ESFP,요리,활력파스타
ESFP,요리,라이브요리천재
ESFP,요리,활기찬스테이크
ESFP,요리,소통요리사
ESFP,요리,재미있는완자님
ESFP,요리,사교적김밥장인
ESFP,요리,풍부한맛스토리텔러
ESFP,요리,화끈한볶음밥명인
ESFP,요리,원기전사푸드파이터
ESFP,요리,천연재료손맛왕
ESFP,요리,리얼푸드지킴이
ESFP,요리,아름다운소스마술사
ESFP,요리,신개념떡볶이퀸
ESFP,요리,행복한시식요정
ESFP,요리,매력적인맛집탐험가
ESFP,요리,감성가득커피연구가
ESFP,OTT시청,활기찬 OTT마스터
ESFP,OTT시청,ESFP의 영화요정
ESFP,OTT시청,온라인극장의 주인공
ESFP,OTT시청,즐거움의 OTT파티
ESFP,OTT시청,창의적인 시청자킹
ESFP,OTT시청,편안한 OTT허니팝
ESFP,OTT시청,그루브 있는 OTT킹
ESFP,OTT시청,재미있는 세상의 창조자
ESFP,OTT시청,흥 넘치는 OTT팬더
ESFP,OTT시청,ESFP의 시청자왕
ESFP,OTT시청,풍부한 감성의 OTT스타
ESFP,OTT시청,밝은 에너지의 시청광
ESFP,OTT시청,창의력 터지는 OTT피셔
ESFP,OTT시청,즐거운 OTT 볼러
ESFP,OTT시청,ESFP의 재미나라
ESFP,OTT시청,활력만점 OTT러버
ESFP,문화생활,문화탐험가
ESFP,문화생활,예술인생
ESFP,문화생활,문화나그네
ESFP,문화생활,감성충전기
ESFP,문화생활,범람하는호기심
ESFP,문화생활,문화콩팥
ESFP,문화생활,활력넘치는미술관
ESFP,문화생활,ESFP의문화인
ESFP,문화생활,찹쌀떡같은예술가
ESFP,문화생활,신나는박물관
ESFP,문화생활,밝은문화조각
ESFP,문화생활,감성풍선
ESFP,문화생활,문화꾼트롯
ESFP,문화생활,유쾌한의자축
ESFP,문화생활,활기찬문화파
ESFP,문화생활,ESFP의문화별
ENFP,운동,엔지니어맛집
ENFP,운동,아이디어운동광
ENFP,운동,엔피동사가
ENFP,운동,활기투성이선수
ENFP,운동,열정유발자
ENFP,운동,중력무시기
ENFP,운동,엔피플레이메이커
ENFP,운동,운동의자유영혼
ENFP,운동,크리에이티브스프린터
ENFP,운동,행동파랠레오
ENFP,운동,야심찬시합왕
ENFP,운동,매일매일신기록
ENFP,운동,페이스메이커ENFP
ENFP,운동,러닝맨엔피
ENFP,운동,ENFP의운동장
ENFP,운동,크레이지스포츠맨
ENFP,독서,도서광 활동가
ENFP,독서,열정적인 책벌레
ENFP,독서,창조적 독서광
ENFP,독서,상상력 독서왕
ENFP,독서,통찰력 책벌레
ENFP,독서,철학적 독서사랑
ENFP,독서,공감력 쏟는 독서쟁이
ENFP,독서,독서로 꽃피는 엔프피
ENFP,독서,책을 잠시 내려놓지 않는 활동가
ENFP,독서,이해력 높은 책벌레
ENFP,독서,긍정적인 북악수
ENFP,독서,탐구형 ENFP 독서가
ENFP,독서,영감 독서파
ENFP,독서,민감한 감성 독서쟁이
ENFP,독서,책장의 활발한 이해관계자
ENFP,독서,생각하는 독서리
ENFP,음악,음표도사
ENFP,음악,멜로디마스터
ENFP,음악,엔에프피음악가
ENFP,음악,비트파인더
ENFP,음악,음악의문지기
ENFP,음악,리듬잡는뮤지션
ENFP,음악,예술가형음악인
ENFP,음악,파워풀한뮤직B
ENFP,음악,무한상상곡작성가
ENFP,음악,음악의도시락
ENFP,음악,엔에프피의노래별
ENFP,음악,퍼즈뮤직퀸 or 킹
ENFP,음악,꿈나무작곡가
ENFP,음악,행복한음악전도사
ENFP,음악,멜로디컬렉터
ENFP,음악,리듬의감성도사
ENFP,여행,열정발랄호랑이
ENFP,여행,무계획여행가
ENFP,여행,마음의여행자
ENFP,여행,이상향탐험가
ENFP,여행,엔피핏팩토
ENFP,여행,감성마일리지
ENFP,여행,랜선파티호스트
ENFP,여행,책임여행가
ENFP,여행,풍경먹는남자
ENFP,여행,두근두근유랑자
ENFP,여행,진실여행작가
ENFP,여행,긍정에너지탐험가
ENFP,여행,와글와글월드
ENFP,여행,길놈의깜장탐험가
ENFP,여행,이색뮤지션백수
ENFP,여행,풍경을읽는자
ENFP,게임,게임조율자
ENFP,게임,플레이혁신가
ENFP,게임,고집불통게이머
ENFP,게임,관능적인조이스틱
ENFP,게임,판타스틱게임러
ENFP,게임,엔더그라운드플레이어
ENFP,게임,크리에이티브마스터
ENFP,게임,활기찬컨트롤러
ENFP,게임,즐거운버튼누르미
ENFP,게임,명랑유머게이머
ENFP,게임,게임성실행동가
ENFP,게임,창조적인게임마니아
ENFP,게임,인생은게임
ENFP,게임,깊이있는조잡이
ENFP,게임,세계대전유발러
ENFP,게임,독특한조작기기
ENFP,요리,창조적냠냠
ENFP,요리,활력요리왕
ENFP,요리,아이디어셰프
ENFP,요리,쿡플레이스토리텔러
ENFP,요리,맛의탐험가
ENFP,요리,빛나는요리별
ENFP,요리,식욕모험가
ENFP,요리,부드러운식감사
ENFP,요리,원기뿜뿜쿡
ENFP,요리,즐거운맛집주인
ENFP,요리,미각의판타지아
ENFP,요리,요리의열정나그네
ENFP,요리,손맛스토리텔러
ENFP,요리,떠오르는요리천재
ENFP,요리,느낌적인요리프로
ENFP,요리,유쾌한미식가
ENFP,OTT시청,드라마풍경
ENFP,OTT시청,엔피어스트림
ENFP,OTT시청,꿈꾸는오티티
ENFP,OTT시청,활력스트리밍
ENFP,OTT시청,흥미환상
ENFP,OTT시청,심심박살오티티
ENFP,OTT시청,찌릿찌릿플릭스
ENFP,OTT시청,물결치는엔피
ENFP,OTT시청,무한상상존
ENFP,OTT시청,그물망의꽃
ENFP,OTT시청,아찔한플레이리스트
ENFP,OTT시청,마법의시청자
ENFP,OTT시청,시네마빛날개
ENFP,OTT시청,유쾌무비친구
ENFP,OTT시청,빛나는플릭서
ENFP,OTT시청,희망의시청률천사
ENFP,문화생활,문화탐험가
ENFP,문화생활,행복열쇠
ENFP,문화생활,아트뮤지션
ENFP,문화생활,엔피의문화매니아
ENFP,문화생활,활력충전소
ENFP,문화생활,책벌레ENFP
ENFP,문화생활,보금자리만들기
ENFP,문화생활,이색뮤지컬러버
ENFP,문화생활,소통의원동력
ENFP,문화생활,감성충전자
ENFP,문화생활,아트파일럿
ENFP,문화생활,여가프로듀서
ENFP,문화생활,아이디어뱅크
ENFP,문화생활,모험적인미술광
ENFP,문화생활,활기찬음악지기
ENFP,문화생활,마음의예술가
ENTP,운동,이노바티브 러너
ENTP,운동,창의적 워리어
ENTP,운동,아이디어 피트니스
ENTP,운동,방랑하는 스쿼트
ENTP,운동,트렌드셋터 웨이트
ENTP,운동,브레인 파워 플레이어
ENTP,운동,애드벤처 헬스충
ENTP,운동,루즈캐논 필라테스
ENTP,운동,엔지니어링 칼로리
ENTP,운동,논리적 배틀링
ENTP,운동,카리스마 폴댄스
ENTP,운동,지구력 콜로서스
ENTP,운동,텔레포트 요가마스터
ENTP,운동,침착한 마라톤러
ENTP,운동,워드플레이 테니스
ENTP,운동,생각의 프로프레셔
ENTP,독서,창의적인 독서왕
ENTP,독서,문화유산독서인
ENTP,독서,천재 책벌레
ENTP,독서,아이디어 독후감
ENTP,독서,발명가 독서귀재
ENTP,독서,논쟁의 독서중
ENTP,독서,선견지명 리더
ENTP,독서,전략적 책속여행자
ENTP,독서,독서 개척자
ENTP,독서,책의 마법사
ENTP,독서,철학적 독서가
ENTP,독서,독서의 전략가
ENTP,독서,빠른 변화의 독서인
ENTP,독서,독서유니콘
ENTP,독서,통찰력있는 책읽기
ENTP,독서,책의 원로왕자
ENTP,음악,아이디어 음색
ENTP,음악,창조의 음빛
ENTP,음악,열정적인 노래꾼
ENTP,음악,시냇물처럼 흐르는 음악천재
ENTP,음악,자유로운 음표의 향기
ENTP,음악,스피커를 흔드는 열정가
ENTP,음악,파란 노트의 왕자
ENTP,음악,비트의 자유인
ENTP,음악,노랫말 달인
ENTP,음악,음악의 숲을 거닌 철학자
ENTP,음악,멜로디의 전사
ENTP,음악,화음의 폭풍
ENTP,음악,콘서트의 연금술사
ENTP,음악,리듬의 파괴자
ENTP,음악,음악계의 변호사
ENTP,음악,색채를 노래하는 작곡
ENTP,여행,여행가이드엔트피
ENTP,여행,아이디어뱅크
ENTP,여행,창의의여행자
ENTP,여행,엔티피터어라운드
ENTP,여행,논리적백패커
ENTP,여행,엔티피의세계여행
ENTP,여행,독특한풍경엔트피
ENTP,여행,철학적인여행가
ENTP,여행,비행형엔티피
ENTP,여행,논리의나침반
ENTP,여행,엔티피의지도
ENTP,여행,창조의국경너머
ENTP,여행,준비된백패커
ENTP,여행,논리천재여행자
ENTP,여행,무한창조여행가
ENTP,여행,엔티피의풍경
ENTP,게임,게임명사
ENTP,게임,창조의지휘자
ENTP,게임,아이디어팩토리
ENTP,게임,논리의주술사
ENTP,게임,전략가이버
ENTP,게임,편의점게임장인
ENTP,게임,유머맛집
ENTP,게임,웃음꽃게이머
ENTP,게임,아이디어전사
ENTP,게임,터치의마술사
ENTP,게임,코딩의영웅
ENTP,게임,논리왕게임중독
ENTP,게임,창의력지휘자
ENTP,게임,게임심리학자
ENTP,게임,스크린의원픽
ENTP,게임,두뇌전략왕
ENTP,요리,공상의주방장
ENTP,요리,창조의맛미술가
ENTP,요리,논쟁요리사
ENTP,요리,깨달음의셰프
ENTP,요리,독창요리파
ENTP,요리,참신한쿡
ENTP,요리,판단력밥상
ENTP,요리,정확한황금손
ENTP,요리,끈질긴스파이스
ENTP,요리,발상의쉐프
ENTP,요리,능숙한손맛
ENTP,요리,도전요리사
ENTP,요리,매력적인뚝배기
ENTP,요리,본색주방장
ENTP,요리,신선한영감숙주
ENTP,요리,독특한식단플래너
ENTP,OTT시청,아이디어 뱅크
ENTP,OTT시청,창의력 무비광
ENTP,OTT시청,알고리즘 시네마
ENTP,OTT시청,생각의 스트리머
ENTP,OTT시청,아이디어 학파
ENTP,OTT시청,창조적인 시네필
ENTP,OTT시청,흥미로운 콘텐츠 헌터
ENTP,OTT시청,무한 상상 스크립터
ENTP,OTT시청,통찰력의 영화광
ENTP,OTT시청,ENTP의 주말 무비
ENTP,OTT시청,시나리오 장인
ENTP,OTT시청,역동적인 OTT러버
ENTP,OTT시청,매혹적인 OST 메이커
ENTP,OTT시청,능동적인 스크립트 메이커
ENTP,OTT시청,애정있는 시청자
ENTP,OTT시청,차원이 다른 무비러버
ENTP,문화생활,문화탐험가
ENTP,문화생활,아이디어뱅크
ENTP,문화생활,브레인스톰마스터
ENTP,문화생활,사색의여행자
ENTP,문화생활,혁신의미술관
ENTP,문화생활,역동의발명가
ENTP,문화생활,위트있는예술가
ENTP,문화생활,논증의마에스트로
ENTP,문화생활,문화의요정
ENTP,문화생활,자유롭고창의적인영혼
ENTP,문화생활,스마트환상가
ENTP,문화생활,로직의마술사
ENTP,문화생활,무한상상력
ENTP,문화생활,활력의소리
ENTP,문화생활,핫토픽제너레이터
ENTP,문화생활,에너지적의사결정가
ESTJ,운동,철벽운동꾼
ESTJ,운동,불멸의피트니스
ESTJ,운동,끈기파워
ESTJ,운동,단련왕
ESTJ,운동,리더핏
ESTJ,운동,실천의왕
ESTJ,운동,운동기획자
ESTJ,운동,저력질량
ESTJ,운동,액티브체인지
ESTJ,운동,전략적헬스장
ESTJ,운동,꾸준함의미르
ESTJ,운동,체육대장
ESTJ,운동,콘크리트근육
ESTJ,운동,통제력스포츠맨
ESTJ,운동,피지컬프로
ESTJ,운동,로직핏니스
ESTJ,독서,굳세게읽는자
ESTJ,독서,책벌레지휘관
ESTJ,독서,리더독서꾼
ESTJ,독서,읽는별장군
ESTJ,독서,ESTJ독서왕
ESTJ,독서,책끝파워지휘관
ESTJ,독서,열독지휘군
ESTJ,독서,교훈의장인
ESTJ,독서,속독전사
ESTJ,독서,리더의책소리
ESTJ,독서,책속의정석
ESTJ,독서,타협안하는독서왕
ESTJ,독서,예리한읽기왕
ESTJ,독서,차감독서
ESTJ,독서,항상읽는직업군인
ESTJ,독서,언제나정확한읽기사
ESTJ,음악,음표지키미
ESTJ,음악,리듬마에스트로
ESTJ,음악,꽉찬엔딩돌리미
ESTJ,음악,뮤직테이커
ESTJ,음악,스테디비트
ESTJ,음악,배창의주인공
ESTJ,음악,리드미칼러
ESTJ,음악,스테이지지배자
ESTJ,음악,사운드픽서
ESTJ,음악,프라이밍코덕터
ESTJ,음악,리듬퍼즐완성사
ESTJ,음악,구조파익히미
ESTJ,음악,음악체인징크
ESTJ,음악,스테디뮤직마스터
ESTJ,음악,화음으뜸
ESTJ,음악,이글스비트
ESTJ,여행,여행지킴이
ESTJ,여행,가이드북
ESTJ,여행,모험가ESTJ
ESTJ,여행,여행의신
ESTJ,여행,담백미션
ESTJ,여행,방랑자ESTJ
ESTJ,여행,월드창조자
ESTJ,여행,랜드마크
ESTJ,여행,배낭의전사
ESTJ,여행,지구완주
ESTJ,여행,캡틴트립
ESTJ,여행,EST여행도사
ESTJ,여행,휴양지사냥꾼
ESTJ,여행,여행황제
ESTJ,여행,전설의계획가
ESTJ,여행,해변의ESTJ
ESTJ,게임,전략마스터
ESTJ,게임,게임지휘관
ESTJ,게임,리더조이스틱
ESTJ,게임,플레이킹
ESTJ,게임,실전공략가
ESTJ,게임,질서의파티왕
ESTJ,게임,매니징헤드셋
ESTJ,게임,안정의게임장인
ESTJ,게임,실용주의자의조이패드
ESTJ,게임,책임지는조종사
ESTJ,게임,전술의게임마스터
ESTJ,게임,타고난게임지기
ESTJ,게임,리얼게임천재
ESTJ,게임,사령관게이머
ESTJ,게임,룰마스터
ESTJ,게임,컨트롤러킹
ESTJ,요리,짜장명령
ESTJ,요리,레시피장군
ESTJ,요리,키친리더
ESTJ,요리,이스트쿡
ESTJ,요리,조리전사
ESTJ,요리,통솔의요리사
ESTJ,요리,군주같은요리사
ESTJ,요리,도시락지휘자
ESTJ,요리,요리사무장
ESTJ,요리,식탁의전략가
ESTJ,요리,맛의지휘자
ESTJ,요리,절대미각
ESTJ,요리,철저한요리사
ESTJ,요리,요리황제
ESTJ,요리,냄비의경제학자
ESTJ,요리,카리스마셰프
ESTJ,OTT시청,결정장 OTT
ESTJ,OTT시청,리더의 홈씨어터
ESTJ,OTT시청,사령관 넷플릭스
ESTJ,OTT시청,책임지기 쇼타임
ESTJ,OTT시청,조직적인 웨이브
ESTJ,OTT시청,동조자의 아마존프라임
ESTJ,OTT시청,신뢰의 아플티비
ESTJ,OTT시청,꼼꼼한 쿠팡플레이
ESTJ,OTT시청,최적화된 애플TV
ESTJ,OTT시청,판단력의 왓챠
ESTJ,OTT시청,전문가의 홀리스타
ESTJ,OTT시청,공짜텔레마트
ESTJ,OTT시청,현실적 Hulu
ESTJ,OTT시청,빠른 진행자 HBO
ESTJ,OTT시청,효율적인 POOQ
ESTJ,OTT시청,이기적인 씨네플레이
ESTJ,문화생활,문화관리자
ESTJ,문화생활,규칙세상
ESTJ,문화생활,열정스탭
ESTJ,문화생활,논리적인예술가
ESTJ,문화생활,독서광
ESTJ,문화생활,행동대장
ESTJ,문화생활,영화감독
ESTJ,문화생활,뮤직플래너
ESTJ,문화생활,도서관장
ESTJ,문화생활,음악지휘자
ESTJ,문화생활,소통의마스터
ESTJ,문화생활,감성리더
ESTJ,문화생활,극장의주인
ESTJ,문화생활,문화쇼핑중독
ESTJ,문화생활,라이브러리러버
ESTJ,문화생활,실천예술가
ESFJ,운동,에너지풀
ESFJ,운동,동작놀이왕
ESFJ,운동,체력왕자
ESFJ,운동,운도사 (운동+도사)
ESFJ,운동,활동뿜뿜
ESFJ,운동,에스운동러 (ESFJ+운동러)
ESFJ,운동,액티브트럼프
ESFJ,운동,열정프로듀서
ESFJ,운동,스포츠맨스터
ESFJ,운동,운빠 (운동+빠)
ESFJ,운동,아레나의 제왕
ESFJ,운동,동작폭발러
ESFJ,운동,리듬체조왕
ESFJ,운동,런닝킹
ESFJ,운동,운동광
ESFJ,운동,스트렝프마스터 (스트렝스+챔프+마스터)
ESFJ,독서,독서대장
ESFJ,독서,사랑스런책벌레
ESFJ,독서,북윌리스
ESFJ,독서,정의로운글루
ESFJ,독서,읽기천재
ESFJ,독서,빠독바독별
ESFJ,독서,북유리
ESFJ,독서,애독장인
ESFJ,독서,스크롤민족
ESFJ,독서,착한책방파
ESFJ,독서,문장소년
ESFJ,독서,ESFJ의문장자파리
ESFJ,독서,책의속삭임
ESFJ,독서,제주도독서왕
ESFJ,독서,북킹ESFJ
ESFJ,독서,세상을읽는자
ESFJ,음악,사랑스러운 멜로디
ESFJ,음악,화음의 마법사
ESFJ,음악,리듬 장인
ESFJ,음악,음색의 기쁨
ESFJ,음악,아름다운 고요한음
ESFJ,음악,행복한 악보장인
ESFJ,음악,빛나는 음악천사
ESFJ,음악,황홀한 음표지기
ESFJ,음악,유머가득한 노래사냥꾼
ESFJ,음악,이기적이지않은 솔로이스트
ESFJ,음악,융합하ARMONY
ESFJ,음악,포근한 음악풍경
ESFJ,음악,즐겁게 노래하는 뱃사공
ESFJ,음악,음악을 품은 천사
ESFJ,음악,늘 즐거운 리듬요정
ESFJ,음악,사랑으로 노래하는 가사천재
ESFJ,여행,여행행복체험가
ESFJ,여행,소통여행사
ESFJ,여행,월드탐험가
ESFJ,여행,국경없는웃음꾼
ESFJ,여행,차칸핫플레이스
ESFJ,여행,비행기바퀴
ESFJ,여행,전주비양
ESFJ,여행,도시걷기
ESFJ,여행,소통마스터
ESFJ,여행,캠프컴패니언
ESFJ,여행,로컬친구
ESFJ,여행,여행보조배터리
ESFJ,여행,익스플로러ESFJ
ESFJ,여행,패스포트지니
ESFJ,여행,까사누보
ESFJ,여행,도시락여행사
ESFJ,게임,게임친구
ESFJ,게임,모두의게임장
ESFJ,게임,게임판의사회자
ESFJ,게임,웃음꽃게이머
ESFJ,게임,게임중독ESFJ
ESFJ,게임,사교적인플레이마스터
ESFJ,게임,경청왕게이머
ESFJ,게임,따뜻한게임매니아
ESFJ,게임,모두의챔피언
ESFJ,게임,게임요정
ESFJ,게임,웃음바이러스게이머
ESFJ,게임,협동의달인
ESFJ,게임,게임통속활력소
ESFJ,게임,장난꾸러기게이머
ESFJ,게임,게임을사랑한ESFJ
ESFJ,게임,활력풀게임러
ESFJ,요리,황금손 요리사
ESFJ,요리,요리명장
ESFJ,요리,만능반찬장
ESFJ,요리,행복주방장
ESFJ,요리,뚝딱요리왕
ESFJ,요리,감각적올리브
ESFJ,요리,맛있는소통
ESFJ,요리,활기찬뚝딱이
ESFJ,요리,레시피메이커
ESFJ,요리,심리요리사
ESFJ,요리,우리집반찬왕
ESFJ,요리,맛집내꿈
ESFJ,요리,천재요리장
ESFJ,요리,다정한요리사
ESFJ,요리,친절한식탁
ESFJ,요리,다보스뚝딱이
ESFJ,OTT시청,애니메이션 마스터
ESFJ,OTT시청,공감드라마퀸
ESFJ,OTT시청,환승판타지로맨스
ESFJ,OTT시청,OTT정주행왕
ESFJ,OTT시청,순정만화중독자
ESFJ,OTT시청,시청기록파괴자
ESFJ,OTT시청,무한재생소녀
ESFJ,OTT시청,드라마셔플맨
ESFJ,OTT시청,시리즈헌터
ESFJ,OTT시청,취향저격스토리텔러
ESFJ,OTT시청,감성돋는띵작헌터
ESFJ,OTT시청,엔딩크레딧정복자
ESFJ,OTT시청,스크린타임프로
ESFJ,OTT시청,평생오락가락
ESFJ,OTT시청,픽션의왕자님
ESFJ,OTT시청,OTT의달인
ESFJ,문화생활,문화탐험가
ESFJ,문화생활,책읽는소년
ESFJ,문화생활,아트러버
ESFJ,문화생활,문화표류아
ESFJ,문화생활,콘서트홀릭
ESFJ,문화생활,문화주식가
ESFJ,문화생활,책벌레
ESFJ,문화생활,도서관장
ESFJ,문화생활,극장의요정
ESFJ,문화생활,서점행방불명
ESFJ,문화생활,아트판타지아
ESFJ,문화생활,컬쳐마니아
ESFJ,문화생활,책속의여행자
ESFJ,문화생활,화랑의사신
ESFJ,문화생활,플레이리스트담당자
ESFJ,문화생활,글로벌뮤직러버
ENFJ,운동,에너지플러그
ENFJ,운동,인사이드헬스
ENFJ,운동,리더스웨이
ENFJ,운동,액티브프렌드
ENFJ,운동,패션피트니스
ENFJ,운동,엔조이짐
ENFJ,운동,홀릭유산소
ENFJ,운동,체육대장
ENFJ,운동,엔시마스터
ENFJ,운동,긍정운동꾼
ENFJ,운동,캡틴벤치프레스
ENFJ,운동,팀플레이짐
ENFJ,운동,은혜로운조깅
ENFJ,운동,사회적트레이너
ENFJ,운동,포지티브피플
ENFJ,운동,얼티메이트피체교육
ENFJ,독서,밝은 책벌레
ENFJ,독서,지도자표 독서왕
ENFJ,독서,애정책서로
ENFJ,독서,글속의 여행자
ENFJ,독서,인문학카페
ENFJ,독서,판타지로 로맨티스트
ENFJ,독서,풍자문의 깡통도서관
ENFJ,독서,책읽는 햇살
ENFJ,독서,논픽션의 해박지식인
ENFJ,독서,책과의 대화황제
ENFJ,독서,긍정적인 지식나무
ENFJ,독서,찬란한 독서지휘자
ENFJ,독서,커뮤니케이션 독서인
ENFJ,독서,서정적 화려독서광
ENFJ,독서,열정의 가장자리 독서미인
ENFJ,독서,배려심 깊은 책친구
ENFJ,음악,음악지휘자
ENFJ,음악,멜로디술사
ENFJ,음악,감성조율사
ENFJ,음악,음향파동
ENFJ,음악,사운드마에스트로
ENFJ,음악,리듬킹
ENFJ,음악,음표의여정
ENFJ,음악,연주자의행복
ENFJ,음악,음의지휘봉
ENFJ,음악,소리의연인
ENFJ,음악,템포의지배자
ENFJ,음악,주법의선수
ENFJ,음악,선율의무사
ENFJ,음악,고요의음악가
ENFJ,음악,음악의영혼
ENFJ,음악,오케스트라의왕
ENFJ,여행,바람따라 세계여행자
ENFJ,여행,열정템플러 행복지킴이
ENFJ,여행,일상탈출 마법사
ENFJ,여행,인간나침반 월드라이더
ENFJ,여행,에너지 폭발 여행가
ENFJ,여행,ENFJ의 여행로맨스
ENFJ,여행,새로운 하늘 찾는 나비
ENFJ,여행,짐을 싸는 기쁨
ENFJ,여행,열정적인 여행우표
ENFJ,여행,월드 메이커
ENFJ,여행,마일리지 천재
ENFJ,여행,지구별 호랑이
ENFJ,여행,감성 풀어낼 여행신
ENFJ,여행,새로운 경험 탐색가
ENFJ,여행,배낭을 메고 세계로
ENFJ,여행,훌륭한 여행 기록가
ENFJ,게임,게임지도자
ENFJ,게임,판타지아의 지휘관
ENFJ,게임,플레이의 마에스트로
ENFJ,게임,디지털 소울메이트
ENFJ,게임,픽셀 합창단장
ENFJ,게임,게임의 심리학자
ENFJ,게임,스토리텔러 게이머
ENFJ,게임,창의력의 심심이
ENFJ,게임,콘솔의 지휘자
ENFJ,게임,코드의 마술사
ENFJ,게임,키보드의 판단자
ENFJ,게임,비트의 솔리디스트
ENFJ,게임,롤플레잉의 천재
ENFJ,게임,아나로그의 혁신가
ENFJ,게임,마우스 클릭의 지휘사
ENFJ,게임,디렉팅 게이머
ENFJ,요리,리더셰프
ENFJ,요리,친화력밥상
ENFJ,요리,밝은미스터요리
ENFJ,요리,요리원정대장
ENFJ,요리,설득요리사
ENFJ,요리,창의요리탐험가
ENFJ,요리,서로상생숙성
ENFJ,요리,모두의스프요정
ENFJ,요리,웜토크삼각김밥
ENFJ,요리,열정의팬친구
ENFJ,요리,일관요리마스터
ENFJ,요리,공감레시피인간
ENFJ,요리,청담동보약간장
ENFJ,요리,커뮤니티돌솥밥
ENFJ,요리,주방의행복전도사
ENFJ,요리,신빙성딸기빙수
ENFJ,OTT시청,영화광리더
ENFJ,OTT시청,넷플릭스카리스마
ENFJ,OTT시청,OTT보배
ENFJ,OTT시청,ENFJ시네필
ENFJ,OTT시청,씨네프렌즈
ENFJ,OTT시청,플릭스지킴이
ENFJ,OTT시청,동화책같은ENFJ
ENFJ,OTT시청,모아본다드라마
ENFJ,OTT시청,OTT명장
ENFJ,OTT시청,배우들의천사
ENFJ,OTT시청,반짝이는드라마킹
ENFJ,OTT시청,볼거리찾는사람
ENFJ,OTT시청,시청률의마왕
ENFJ,OTT시청,시리즈애호가
ENFJ,OTT시청,세계의드라마를잡아라
ENFJ,OTT시청,평화로운드라마덕후
ENFJ,문화생활,문화면유
ENFJ,문화생활,유화인생
ENFJ,문화생활,세상을읽는자
ENFJ,문화생활,아트워커
ENFJ,문화생활,감성플라네타
ENFJ,문화생활,사색하는화원
ENFJ,문화생활,카페소울메이트
ENFJ,문화생활,아트캐치어
ENFJ,문화생활,컬쳐리더
ENFJ,문화생활,컬처디렉터
ENFJ,문화생활,아트컴퍼니언
ENFJ,문화생활,아트에반하다
ENFJ,문화생활,ENFJ의콘서트
ENFJ,문화생활,ENFJ의아트섬
ENFJ,문화생활,콘템포러리ENFJ
ENFJ,문화생활,아트로망스
ENTJ,운동,철벽운동가
ENTJ,운동,돌직구리더
ENTJ,운동,명불허전헬스맨
ENTJ,운동,터프가이
ENTJ,운동,유산기의왕
ENTJ,운동,플래너피트니스
ENTJ,운동,전술적운동광
ENTJ,운동,논리적헬스킹
ENTJ,운동,강철엔트제이
ENTJ,운동,무쇠의리더
ENTJ,운동,팔방미인스포츠맨
ENTJ,운동,건강지키미
ENTJ,운동,제트스트림운동쥐
ENTJ,운동,목표를향해스프린트
ENTJ,운동,아이언맨ENTJ
ENTJ,운동,헬스투어파워
ENTJ,독서,지휘자 독서꾼
ENTJ,독서,판단력 독서왕
ENTJ,독서,볼륨독서
ENTJ,독서,전략가의 책벌레
ENTJ,독서,리딩 라이언
ENTJ,독서,논리왕 독서왕
ENTJ,독서,카리스마 리더독서잡
ENTJ,독서,책과 함께하는 전략가
ENTJ,독서,애니메이션 독서왕
ENTJ,독서,책속의 전략가
ENTJ,독서,통찰력의 책벌레
ENTJ,독서,신중한 독서왕
ENTJ,독서,학문의 전략가
ENTJ,독서,지식의 전략가
ENTJ,독서,열정적인 독서왕
ENTJ,독서,읽는 리더
ENTJ,음악,리드미컬리더
ENTJ,음악,비트커맨더
ENTJ,음악,멜로디마에스트로
ENTJ,음악,계획적인음악가
ENTJ,음악,텐션업곡장
ENTJ,음악,솔직한음표
ENTJ,음악,아이디어리듬왕
ENTJ,음악,논리적사운드메이커
ENTJ,음악,비전플레이리스트
ENTJ,음악,활기찬조율가
ENTJ,음악,퍼포먼스지휘자
ENTJ,음악,감정노트가이드
ENTJ,음악,신나는비트박사
ENTJ,음악,독창적완성가
ENTJ,음악,리드미컬전략가
ENTJ,음악,흥넘치는곡장
ENTJ,여행,지휘자 여행가
ENTJ,여행,워킹리더
ENTJ,여행,비전투어마스터
ENTJ,여행,행선지 전략가
ENTJ,여행,콘퀘스트 트래블러
ENTJ,여행,리더십 노마드
ENTJ,여행,야심찬 지도사
ENTJ,여행,글로벌트렉커
ENTJ,여행,진취적인 여행자
ENTJ,여행,명량 리더십
ENTJ,여행,여정의 전략가
ENTJ,여행,보스 트래블러
ENTJ,여행,행보의 천재
ENTJ,여행,야심 가득한 길잡이
ENTJ,여행,본선타는 대장
ENTJ,여행,플랜 메이커 리더
ENTJ,게임,전략의중심
ENTJ,게임,게임지휘관
ENTJ,게임,리더플레이어
ENTJ,게임,고수전사
ENTJ,게임,창조의지휘자
ENTJ,게임,판세조종사
ENTJ,게임,리더스게이머
ENTJ,게임,전진의지휘관
ENTJ,게임,논리적전사
ENTJ,게임,체스마스터
ENTJ,게임,비전의리더
ENTJ,게임,전략의게이머
ENTJ,게임,판도라의사냥꾼
ENTJ,게임,해결사플레이어
ENTJ,게임,진격의전사
ENTJ,게임,도전의지휘자
ENTJ,요리,리더셰프
ENTJ,요리,요리전사
ENTJ,요리,레시피지휘자
ENTJ,요리,대장간식
ENTJ,요리,전략요리가
ENTJ,요리,요리퀘스트
ENTJ,요리,오븐의지휘자
ENTJ,요리,스토브관리인
ENTJ,요리,요리비전테리
ENTJ,요리,냄비의계획가
ENTJ,요리,발효지휘인
ENTJ,요리,키친리더
ENTJ,요리,쿡킹킹
ENTJ,요리,식료품전략가
ENTJ,요리,테이블커맨더
ENTJ,요리,요리전술가
ENTJ,OTT시청,리더보드 킹
ENTJ,OTT시청,콘텐츠 재벌
ENTJ,OTT시청,플레이리스트 대장
ENTJ,OTT시청,톡톡 튀는 전략가
ENTJ,OTT시청,대담한 시청왕
ENTJ,OTT시청,사색가의 주말
ENTJ,OTT시청,독보적인 플래너
ENTJ,OTT시청,연휴의 달인
ENTJ,OTT시청,OTT 깨비
ENTJ,OTT시청,논리적인 Binge-watcher
ENTJ,OTT시청,칼같은 판단력의 드라마킹
ENTJ,OTT시청,글로벌 시청자
ENTJ,OTT시청,차분한 속도의 기획자
ENTJ,OTT시청,무모한 도전가
ENTJ,OTT시청,스트리밍 챔피언
ENTJ,OTT시청,분석적인 시청 경험가
ENTJ,문화생활,지휘자 아트
ENTJ,문화생활,엔티지 재즈
ENTJ,문화생활,플랜마스터 문화
ENTJ,문화생활,주역씨어터
ENTJ,문화생활,계획적 미술왕
ENTJ,문화생활,리더십의 고요정
ENTJ,문화생활,문화통 로맨티스트
ENTJ,문화생활,조직무늬 콘서트매니아
ENTJ,문화생활,실행력의 전시퀸
ENTJ,문화생활,명랑한 음악수호자
ENTJ,문화생활,독립적 퍼포먼스타
ENTJ,문화생활,혁신적인 행복미술관
ENTJ,문화생활,의사 결정 박물관지기
ENTJ,문화생활,과감한 까페여행자
ENTJ,문화생활,도전적인 극장지킴이
ENTJ,문화생활,논리적인 공연중독자
