hobby_id,subhobby,subhobby_id,trait
1,축구,1,팀워크
1,축구,1,신체 능력
1,축구,1,스트레스 해소
1,축구,1,심신 안정
1,축구,1,집중력
1,축구,1,순발력
1,축구,1,배려
1,축구,1,허기
1,축구,1,친목
1,축구,1,지구력
1,축구,1,자기관리
1,축구,1,몰입력
1,축구,1,자신감
1,축구,1,도전정신
1,축구,1,희생정신
1,축구,1,스피드
1,축구,1,정확성
1,축구,1,피지컬
1,축구,1,융통성
1,축구,1,타협력
1,야구,2,팀워크
1,야구,2,집중력
1,야구,2,체력
1,야구,2,정확성
1,야구,2,타격감
1,야구,2,수비능력
1,야구,2,순발력
1,야구,2,적응력
1,야구,2,신속성
1,야구,2,천재성
1,야구,2,리더십
1,야구,2,도전정신
1,야구,2,자기관리능력
1,야구,2,심리적 강인함
1,야구,2,플렉서빌리티
1,야구,2,순수한 즐거움
1,야구,2,고난을 이길 수 있는 인내력
1,야구,2,자기관리 능력
1,야구,2,패기
1,야구,2,책임감
1,농구,3,신체적인 활동을 좋아함
1,농구,3,경기를 즐김
1,농구,3,배움에 대한 열정
1,농구,3,동료와 협력하는 것을 좋아함
1,농구,3,끈기와 인내력이 있는
1,농구,3,타인의 의견을 존중함
1,농구,3,팀워크를 중요시함
1,농구,3,체력이 뛰어남
1,농구,3,스트레스 해소에 도움이 됨
1,농구,3,전략적 사고를 함
1,농구,3,경기 중에 집중력이 높음
1,농구,3,승부욕이 강함
1,농구,3,체력과 근력이 발달함
1,농구,3,순발력이 뛰어남
1,농구,3,동료들과 친분을 쌓는 것을 즐김
1,농구,3,신속한 판단력을 가지고 있음
1,농구,3,체력 운동을 즐김
1,농구,3,팀원들의 장점을 끌어내는 능력
1,농구,3,자유로운 사고를 가짐
1,농구,3,도전을 즐김
1,테니스,4,경기 스포츠
1,테니스,4,신체적 활동
1,테니스,4,손목력
1,테니스,4,신체 균형
1,테니스,4,빠른 반사
1,테니스,4,전략적 사고
1,테니스,4,규칙 준수
1,테니스,4,자기 통제력
1,테니스,4,스트레스 해소
1,테니스,4,인내력
1,테니스,4,팀워크
1,테니스,4,순발력
1,테니스,4,정확성
1,테니스,4,목표 지향성
1,테니스,4,자기 동기부여
1,테니스,4,긍정적 태도
1,테니스,4,집중력
1,테니스,4,체력
1,테니스,4,유연성
1,테니스,4,자신감
1,수영,5,수중에서의 안정감
1,수영,5,체력과 근력 향상
1,수영,5,스트레스 해소
1,수영,5,탄력적인 근육 발달
1,수영,5,순발력과 반응 속도 향상
1,수영,5,칼로리 소모 증가
1,수영,5,혈액순환 개선
1,수영,5,면역력 강화
1,수영,5,관절과 뼈 건강 유지
1,수영,5,자신감 향상
1,수영,5,집중력 향상
1,수영,5,피부 미용 효과
1,수영,5,소화기관 활성화
1,수영,5,수면 질 개선
1,수영,5,친수재배 및 친환경 활동
1,수영,5,주변 시야 확대
1,수영,5,운동 신경망 강화
1,수영,5,친구나 가족과의 소통 증가
1,수영,5,자연 속에서의 즐거움
1,수영,5,자유롭고 경쾌한 느낌
1,요가,6,유연성
1,요가,6,균형감각
1,요가,6,자기 집중력
1,요가,6,평정함
1,요가,6,근력
1,요가,6,호흡 조절
1,요가,6,의지력
1,요가,6,잔잔함
1,요가,6,인내력
1,요가,6,자기 통제력
1,요가,6,평형감
1,요가,6,체력
1,요가,6,정서적 안정감
1,요가,6,주의 집중력
1,요가,6,신체 인식
1,요가,6,건강한 생활습관
1,요가,6,스트레스 관리
1,요가,6,의식적인 호흡
1,요가,6,자아 수용
1,요가,6,역동적인 운동
1,필라테스,7,체육적인 유연성
1,필라테스,7,코어 근육 강화
1,필라테스,7,균형 감각 향상
1,필라테스,7,자세 개선
1,필라테스,7,근력 향상
1,필라테스,7,스트레스 해소
1,필라테스,7,자기 자신에 대한 인식 증진
1,필라테스,7,운동 능력 향상
1,필라테스,7,체형 조절
1,필라테스,7,근육 조절 능력 향상
1,필라테스,7,혈액순환 증진
1,필라테스,7,자세한 지각 능력 향상
1,필라테스,7,호흡 조절 능력 향상
1,필라테스,7,전신 근육 강화
1,필라테스,7,운동 후 회복 능력 향상
1,필라테스,7,자세한 운동 자세 숙지
1,필라테스,7,관절 유연성 향상
1,필라테스,7,체형 교정
1,필라테스,7,근육 조절 능력 향상
1,필라테스,7,자세한 운동 동작 이해
1,등산,8,체력이 좋음
1,등산,8,인내력이 강함
1,등산,8,자연을 즐기는 성격
1,등산,8,모험을 즐기는 성향
1,등산,8,도전을 즐기는 성격
1,등산,8,규칙적인 생활 습관
1,등산,8,자기 주도적인 성향
1,등산,8,팀워크를 중요시하는 성격
1,등산,8,자연친화적인 마음가짐
1,등산,8,위험을 감수할 수 있는 용기
1,등산,8,노력을 감수하는 인내력
1,등산,8,자연 속에서의 침착함
1,등산,8,고산지대를 즐기는 성향
1,등산,8,야외활동을 선호하는 성향
1,등산,8,우리 삶의 소중함을 느끼는 성향
1,등산,8,자연의 아름다움을 감상하는 능력
1,등산,8,스트레스 해소를 위한 효과적인 방법
1,등산,8,건강을 유지하기 위한 활동
1,등산,8,자기계발을 추구하는 성향
1,등산,8,목표를 이루기 위한 노력을 아는 능력
1,사이클링,9,체력이 튼튼한
1,사이클링,9,탄력이 있고 유연한
1,사이클링,9,근력이 강한
1,사이클링,9,인내심이 강한
1,사이클링,9,자기 주도적인
1,사이클링,9,도전적인
1,사이클링,9,자연을 즐기는
1,사이클링,9,외부 환경에 대한 적응력이 뛰어난
1,사이클링,9,사회성이 좋은
1,사이클링,9,집중력이 뛰어난
1,사이클링,9,자유로운 영혼을 가진
1,사이클링,9,자아를 발견하고자 하는
1,사이클링,9,건강을 중시하는
1,사이클링,9,자기 자신에 대한 책임감이 강한
1,사이클링,9,꾸준하고 규칙적인
1,사이클링,9,도전과 변화를 즐기는
1,사이클링,9,자유로운 스타일을 선호하는
1,사이클링,9,자연과 조화를 이루는
1,사이클링,9,신선한 공기를 즐기는
1,사이클링,9,스트레스 해소에 좋은
1,스쿼시,10,빠른 속도로 이동하는 능력
1,스쿼시,10,적은 공간에서도 즐길 수 있는 운동
1,스쿼시,10,전략적이고 tatical한 게임
1,스쿼시,10,좋은 반사신경이 필요한 운동
1,스쿼시,10,체력과 근력을 동시에 향상시킬 수 있는 운동
1,스쿼시,10,스트레스 해소에 효과적
1,스쿼시,10,친구나 가족과 함께하기에 좋은 활동
1,스쿼시,10,집중력을 향상시킬 수 있는 운동
1,스쿼시,10,다양한 연령대가 함께 즐길 수 있는 운동
1,스쿼시,10,실내에서도 즐길 수 있는 운동
1,스쿼시,10,전신근육을 사용하여 근력을 키울 수 있는 운동
1,스쿼시,10,최대 속도와 근력을 발휘할 수 있는 운동
1,스쿼시,10,손과 눈의 협응력을 향상시킬 수 있는 운동
1,스쿼시,10,다양한 공격과 수비 기술을 연마할 수 있는 운동
1,스쿼시,10,순발력과 반응속도를 향상시킬 수 있는 운동
1,스쿼시,10,신체의 유연성을 향상시킬 수 있는 운동
1,스쿼시,10,칼로리 소모량이 높은 운동
1,스쿼시,10,스트레스를 풀어주는 운동
1,스쿼시,10,심폐 지구력을 향상시킬 수 있는 운동
1,스쿼시,10,경기 중 집중력을 유지하는 능력이 향상되는 운동
1,스키,11,열정적인
1,스키,11,용기 있는
1,스키,11,도전적인
1,스키,11,체력이 뛰어난
1,스키,11,균형감각이 좋은
1,스키,11,자신감 있는
1,스키,11,낙관적인
1,스키,11,인내심이 있는
1,스키,11,주도적인
1,스키,11,탐험가적인
1,스키,11,자유로운
1,스키,11,자연을 즐기는
1,스키,11,도덕적인
1,스키,11,사교적인
1,스키,11,팀워크를 잘 하는
1,스키,11,자기계발에 열정적인
1,스키,11,창의적인
1,스키,11,섬세한
1,스키,11,자발적인
1,스키,11,주변 환경에 예민한
1,스노보드,12,모험적인
1,스노보드,12,용기있는
1,스노보드,12,스릴을 즐기는
1,스노보드,12,도전을 즐기는
1,스노보드,12,외향적인
1,스노보드,12,활동적인
1,스노보드,12,체력이 좋은
1,스노보드,12,호기심 많은
1,스노보드,12,자유로운
1,스노보드,12,열정적인
1,스노보드,12,낙천적인
1,스노보드,12,유연한
1,스노보드,12,균형감각이 좋은
1,스노보드,12,신속한
1,스노보드,12,자신감 있는
1,스노보드,12,행동력 있는
1,스노보드,12,적응력이 좋은
1,스노보드,12,인내심이 있는
1,스노보드,12,팀워크를 중요시하는
1,스노보드,12,긍정적인
1,바다낚시,13,인내력
1,바다낚시,13,정밀성
1,바다낚시,13,근성
1,바다낚시,13,전략적 사고
1,바다낚시,13,자연 친화력
1,바다낚시,13,인내심
1,바다낚시,13,몰입력
1,바다낚시,13,관찰력
1,바다낚시,13,포용력
1,바다낚시,13,자기주도성
1,바다낚시,13,자기독립성
1,바다낚시,13,성실성
1,바다낚시,13,도전정신
1,바다낚시,13,자연에 대한 경각심
1,바다낚시,13,자원 활용 능력
1,바다낚시,13,책임감
1,바다낚시,13,관심과 열정
1,바다낚시,13,인내심
1,바다낚시,13,시간 관리 능력
1,바다낚시,13,조절 능력
1,등록구기,14,열정적인
1,등록구기,14,집중력이 높은
1,등록구기,14,경쟁심이 강한
1,등록구기,14,노력하는
1,등록구기,14,인내심이 있는
1,등록구기,14,팀플레이에 능한
1,등록구기,14,분석적인
1,등록구기,14,창의적인
1,등록구기,14,자기 주도적인
1,등록구기,14,책임감 있는
1,등록구기,14,도전을 즐기는
1,등록구기,14,신속한 결정력을 가진
1,등록구기,14,적극적인
1,등록구기,14,쾌활한
1,등록구기,14,합리적인
1,등록구기,14,협동심이 뛰어난
1,등록구기,14,융통성 있는
1,등록구기,14,목표지향적인
1,등록구기,14,성실한
1,등록구기,14,친화력이 있는
1,볼링,15,집중력
1,볼링,15,정확성
1,볼링,15,균형감각
1,볼링,15,친밀감
1,볼링,15,경쟁심
1,볼링,15,스트레스 해소
1,볼링,15,사교성
1,볼링,15,꾸준함
1,볼링,15,순발력
1,볼링,15,합리적
1,볼링,15,관찰력
1,볼링,15,자기관리
1,볼링,15,유연성
1,볼링,15,자기통제
1,볼링,15,긍정적
1,볼링,15,책임감
1,볼링,15,끈기
1,볼링,15,팀워크
1,볼링,15,발휘
1,볼링,15,창의성
2,소설 읽기,16,상상력이 풍부함
2,소설 읽기,16,호기심이 많음
2,소설 읽기,16,감수성이 풍부함
2,소설 읽기,16,이해력이 좋음
2,소설 읽기,16,집중력이 강함
2,소설 읽기,16,감정을 공감할 수 있음
2,소설 읽기,16,다양한 시각을 가짐
2,소설 읽기,16,문학적인 감각이 있음
2,소설 읽기,16,자기 표현이 풍부함
2,소설 읽기,16,인내력이 강함
2,소설 읽기,16,독창적인 사고를 함
2,소설 읽기,16,비판적인 시각을 가짐
2,소설 읽기,16,문장 해석 능력이 우수함
2,소설 읽기,16,인문학적인 지식이 풍부함
2,소설 읽기,16,자기계발에 관심이 많음
2,소설 읽기,16,상황 판단 능력이 뛰어남
2,소설 읽기,16,표현력이 뛰어남
2,소설 읽기,16,진지하고 꼼꼼한 성격
2,소설 읽기,16,논리적인 사고를 함
2,소설 읽기,16,비판적 사고 능력이 뛰어남
2,시집 읽기,17,호기심이 많음
2,시집 읽기,17,문학적인 취향을 가짐
2,시집 읽기,17,감수성이 풍부함
2,시집 읽기,17,상상력이 풍부함
2,시집 읽기,17,인간 심리에 관심이 많음
2,시집 읽기,17,감정 표현이 뛰어남
2,시집 읽기,17,이성적이면서 감성적인 면이 있음
2,시집 읽기,17,독서에 대한 열정이 강함
2,시집 읽기,17,비판적 사고력이 뛰어남
2,시집 읽기,17,글쓰기에 관심이 있음
2,시집 읽기,17,다양한 이야기를 즐김
2,시집 읽기,17,인문학적인 지식이 풍부함
2,시집 읽기,17,자기 표현을 중요시함
2,시집 읽기,17,분석력이 뛰어남
2,시집 읽기,17,문학 작품을 감상하는 것을 좋아함
2,시집 읽기,17,예술에 대한 이해도가 높음
2,시집 읽기,17,감정을 표현하는 것을 좋아함
2,시집 읽기,17,심리학에 관심이 많음
2,시집 읽기,17,자기 성장과 깊은 이해를 추구함
2,시집 읽기,17,독서를 통해 새로운 시각을 얻고자 함
2,만화책 읽기,18,상상력이 풍부함
2,만화책 읽기,18,비평적 사고
2,만화책 읽기,18,감수성이 풍부함
2,만화책 읽기,18,유머 감각이 뛰어남
2,만화책 읽기,18,자유로운 사고
2,만화책 읽기,18,창의적 사고
2,만화책 읽기,18,흥미를 잘 끌어냄
2,만화책 읽기,18,감정을 잘 이입함
2,만화책 읽기,18,마음이 열려있음
2,만화책 읽기,18,다양한 시각을 가짐
2,만화책 읽기,18,예술적인 감각
2,만화책 읽기,18,동심을 잃지 않음
2,만화책 읽기,18,배려심이 깊음
2,만화책 읽기,18,재미를 추구함
2,만화책 읽기,18,인간관계에 민감함
2,만화책 읽기,18,연약한 면이 있음
2,만화책 읽기,18,뛰어난 관찰력
2,만화책 읽기,18,낙천적인 성향
2,만화책 읽기,18,우정을 중요시함
2,만화책 읽기,18,지적 호기심이 많음
2,자기계발 도서 읽기,19,호기심이 많음
2,자기계발 도서 읽기,19,목표 지향적
2,자기계발 도서 읽기,19,논리적 사고력
2,자기계발 도서 읽기,19,긍정적 사고
2,자기계발 도서 읽기,19,문제 해결 능력
2,자기계발 도서 읽기,19,자기 동기 부여
2,자기계발 도서 읽기,19,계획 수립 능력
2,자기계발 도서 읽기,19,인내심
2,자기계발 도서 읽기,19,자기 통제력
2,자기계발 도서 읽기,19,책임감
2,자기계발 도서 읽기,19,성실함
2,자기계발 도서 읽기,19,학습 의욕
2,자기계발 도서 읽기,19,자기 성장 욕구
2,자기계발 도서 읽기,19,행동력
2,자기계발 도서 읽기,19,꾸준함
2,자기계발 도서 읽기,19,자기개발에 대한 열정
2,자기계발 도서 읽기,19,자기관리 능력
2,자기계발 도서 읽기,19,목표 설정 능력
2,자기계발 도서 읽기,19,자기 효능감
2,자기계발 도서 읽기,19,자기 희생적 정신
2,역사책 읽기,20,지식 습득을 즐기는
2,역사책 읽기,20,호기심이 많은
2,역사책 읽기,20,분석적이고 사고력이 뛰어난
2,역사책 읽기,20,관찰력이 예민한
2,역사책 읽기,20,논리적인
2,역사책 읽기,20,관심 분야에 대한 깊은 이해를 갖고 있는
2,역사책 읽기,20,비판적 사고를 가진
2,역사책 읽기,20,독립적이고 자기 주도적인
2,역사책 읽기,20,문제해결 능력이 뛰어난
2,역사책 읽기,20,정보를 탐구하는 것을 즐기는
2,역사책 읽기,20,논쟁을 즐기는
2,역사책 읽기,20,자기 계발에 관심이 많은
2,역사책 읽기,20,세부적인 사실을 중요시하는
2,역사책 읽기,20,상상력이 풍부한
2,역사책 읽기,20,지식을 공유하려는
2,역사책 읽기,20,인간관계에 관심이 많은
2,역사책 읽기,20,윤리적이고 원칙을 중요시하는
2,역사책 읽기,20,열정적이고 헌신적인
2,역사책 읽기,20,자기 주장이 강하고 확고한
2,역사책 읽기,20,자아성찰을 하는
2,과학서적 읽기,21,관심 있는 주제에 대해 깊이 있게 탐구하는
2,과학서적 읽기,21,논리적이고 분석적인 사고를 갖춘
2,과학서적 읽기,21,호기심이 많은
2,과학서적 읽기,21,지식 탐구를 즐기는
2,과학서적 읽기,21,문제 해결에 대한 열정을 가진
2,과학서적 읽기,21,새로운 아이디어에 열린
2,과학서적 읽기,21,통찰력을 발휘하는
2,과학서적 읽기,21,정보를 수집하고 분석하는 능력이 뛰어난
2,과학서적 읽기,21,논리적으로 사고하는
2,과학서적 읽기,21,자기 계발을 위해 지식을 쌓는
2,과학서적 읽기,21,과학적 방법론을 이해하고 활용하는
2,과학서적 읽기,21,지식을 공유하고자 하는
2,과학서적 읽기,21,새로운 기술에 관심이 많은
2,과학서적 읽기,21,학습욕구가 높은
2,과학서적 읽기,21,고난을 극복하는 능력이 있는
2,과학서적 읽기,21,정확성과 철저함을 추구하는
2,과학서적 읽기,21,논리적인 주장을 전개하는
2,과학서적 읽기,21,자기 주도적 학습이 가능한
2,과학서적 읽기,21,실용적인 지식을 추구하는
2,과학서적 읽기,21,독립적인 사고를 하는
2,에세이 읽기,22,지적 호기심
2,에세이 읽기,22,감수성
2,에세이 읽기,22,독립적 사고
2,에세이 읽기,22,관찰력
2,에세이 읽기,22,상상력
2,에세이 읽기,22,분석력
2,에세이 읽기,22,비평적 사고
2,에세이 읽기,22,객체의 이해
2,에세이 읽기,22,문학적 감각
2,에세이 읽기,22,철학적 사고
2,에세이 읽기,22,비판적 사고
2,에세이 읽기,22,인문학적 지식
2,에세이 읽기,22,감정 표현 능력
2,에세이 읽기,22,자기계발 의지
2,에세이 읽기,22,심층적 사고
2,에세이 읽기,22,분위기 감지 능력
2,에세이 읽기,22,표현력
2,에세이 읽기,22,감정 이해 능력
2,에세이 읽기,22,창의적 사고
2,에세이 읽기,22,자기성찰 능력
2,수필 읽기,23,감수성이 풍부함
2,수필 읽기,23,호기심이 많음
2,수필 읽기,23,관찰력이 뛰어남
2,수필 읽기,23,상상력이 풍부함
2,수필 읽기,23,감정을 표현하는 능력이 뛰어남
2,수필 읽기,23,인간관계에 관심이 많음
2,수필 읽기,23,독립적이고 자율적인 성향
2,수필 읽기,23,비판적 사고력을 가지고 있음
2,수필 읽기,23,예술적인 감각이 뛰어남
2,수필 읽기,23,다양한 관점을 이해하려는 노력이 있음
2,수필 읽기,23,글쓰기에 관심이 많음
2,수필 읽기,23,자기계발에 관심이 많음
2,수필 읽기,23,시대적인 문제에 관심이 많음
2,수필 읽기,23,타인의 이야기에 공감하는 능력이 뛰어남
2,수필 읽기,23,자기 표현을 중요시함
2,수필 읽기,23,자아정체성이 강함
2,수필 읽기,23,신중하고 철학적인 성향
2,수필 읽기,23,학습욕구가 높음
2,수필 읽기,23,자기성찰을 중요시함
2,수필 읽기,23,자유로운 사고를 추구함
2,철학서 읽기,24,분석적 사고
2,철학서 읽기,24,논리적 사고
2,철학서 읽기,24,비판적 사고
2,철학서 읽기,24,관찰력
2,철학서 읽기,24,호기심
2,철학서 읽기,24,자기성찰
2,철학서 읽기,24,독립적 사고
2,철학서 읽기,24,타인에 대한 이해
2,철학서 읽기,24,무한한 호기심
2,철학서 읽기,24,상상력
2,철학서 읽기,24,인내력
2,철학서 읽기,24,열정
2,철학서 읽기,24,자기계발
2,철학서 읽기,24,진취적
2,철학서 읽기,24,지적 호기심
2,철학서 읽기,24,비판적 사고력
2,철학서 읽기,24,자기 통제
2,철학서 읽기,24,자아성찰
2,철학서 읽기,24,자기 안목
2,철학서 읽기,24,관점 다양성
2,잡지 읽기,25,호기심이 많음
2,잡지 읽기,25,지식 탐구에 관심이 많음
2,잡지 읽기,25,독서를 좋아함
2,잡지 읽기,25,문화적인 지식을 쌓는 것을 즐김
2,잡지 읽기,25,새로운 아이디어에 열려 있음
2,잡지 읽기,25,비판적 사고를 가짐
2,잡지 읽기,25,독립적이고 자기 주도적임
2,잡지 읽기,25,시각적인 즐거움을 추구함
2,잡지 읽기,25,글을 읽는 것을 즐김
2,잡지 읽기,25,감정 표현을 좋아함
2,잡지 읽기,25,문학적인 감각을 가짐
2,잡지 읽기,25,창의적이고 상상력이 풍부함
2,잡지 읽기,25,팀워크를 중요시함
2,잡지 읽기,25,사회 문제에 관심이 많음
2,잡지 읽기,25,외국어에 관심이 많음
2,잡지 읽기,25,문화에 대한 이해가 깊음
2,잡지 읽기,25,자기 계발에 관심이 많음
2,잡지 읽기,25,순수한 즐거움을 추구함
2,잡지 읽기,25,정보 수집을 취미로 삼음
2,잡지 읽기,25,자기 표현을 중요시함
2,만화책 모으기,26,창의력
2,만화책 모으기,26,지식 탐구
2,만화책 모으기,26,캐릭터 애정
2,만화책 모으기,26,감성적 표현
2,만화책 모으기,26,수집열
2,만화책 모으기,26,컬렉터 마인드
2,만화책 모으기,26,책 읽기 취향
2,만화책 모으기,26,아날로그 감성
2,만화책 모으기,26,독서 취향
2,만화책 모으기,26,미적 감각
2,만화책 모으기,26,문학적 취향
2,만화책 모으기,26,소장가치 인식
2,만화책 모으기,26,예술적 감수성
2,만화책 모으기,26,미디어 콘텐츠 소비
2,만화책 모으기,26,독서 중독
2,만화책 모으기,26,흥미 유발
2,만화책 모으기,26,캐릭터 디자인 감상
2,만화책 모으기,26,세계관 탐험
2,만화책 모으기,26,인물 캐릭터 분석
2,만화책 모으기,26,코믹스 취향
2,독후감 쓰기,27,분석적 사고
2,독후감 쓰기,27,글쓰기 능력
2,독후감 쓰기,27,관찰력
2,독후감 쓰기,27,집중력
2,독후감 쓰기,27,창의성
2,독후감 쓰기,27,감수성
2,독후감 쓰기,27,비평적 사고
2,독후감 쓰기,27,인내력
2,독후감 쓰기,27,자기성찰
2,독후감 쓰기,27,학습 욕구
2,독후감 쓰기,27,상상력
2,독후감 쓰기,27,자기표현 능력
2,독후감 쓰기,27,비교적 사고
2,독후감 쓰기,27,포용력
2,독후감 쓰기,27,객관적 사고
2,독후감 쓰기,27,자기계발
2,독후감 쓰기,27,발전적 사고
2,독후감 쓰기,27,의사소통 능력
2,독후감 쓰기,27,자기관리
2,독후감 쓰기,27,자기성장
2,독서모임 참가하기,28,호기심이 많음
2,독서모임 참가하기,28,지식 습득을 좋아함
2,독서모임 참가하기,28,사회적인 활동을 즐김
2,독서모임 참가하기,28,타인과의 대화를 즐김
2,독서모임 참가하기,28,문학적인 취향을 가짐
2,독서모임 참가하기,28,독서에 대한 열정이 있음
2,독서모임 참가하기,28,자기 계발을 추구함
2,독서모임 참가하기,28,새로운 아이디어에 열려 있음
2,독서모임 참가하기,28,비판적 사고를 가짐
2,독서모임 참가하기,28,감성적인 면이 있음
2,독서모임 참가하기,28,자기 표현을 좋아함
2,독서모임 참가하기,28,자신의 생각을 공유하는 것을 좋아함
2,독서모임 참가하기,28,다양한 관점을 수용할 수 있음
2,독서모임 참가하기,28,문학적인 토론을 즐김
2,독서모임 참가하기,28,책과 관련된 이야기를 좋아함
2,독서모임 참가하기,28,독서를 통해 세계를 이해하려 함
2,독서모임 참가하기,28,자기 성장을 위해 노력함
2,독서모임 참가하기,28,문학적 감성을 추구함
2,독서모임 참가하기,28,독서를 통해 감정을 표현함
2,독서모임 참가하기,28,새로운 지식을 습득하는 것을 즐김
2,독서 일지 쓰기,29,호기심이 많음
2,독서 일지 쓰기,29,자기 계발에 관심이 많음
2,독서 일지 쓰기,29,논리적이고 분석적인 사고를 가짐
2,독서 일지 쓰기,29,관찰력이 뛰어남
2,독서 일지 쓰기,29,상상력이 풍부함
2,독서 일지 쓰기,29,자기 주도적이고 독립적임
2,독서 일지 쓰기,29,신중하고 꼼꼼함
2,독서 일지 쓰기,29,비판적 사고를 가짐
2,독서 일지 쓰기,29,지식 탐구에 열정적임
2,독서 일지 쓰기,29,문제 해결 능력이 뛰어남
2,독서 일지 쓰기,29,동기부여가 높음
2,독서 일지 쓰기,29,목표를 세우고 계획을 세움
2,독서 일지 쓰기,29,정보 수집에 능숙함
2,독서 일지 쓰기,29,자기 통제력이 강함
2,독서 일지 쓰기,29,인내심이 있음
2,독서 일지 쓰기,29,자기 성찰 능력이 뛰어남
2,독서 일지 쓰기,29,흥미를 가지고 꾸준히 집중할 수 있음
2,독서 일지 쓰기,29,다양한 시각으로 사물을 바라봄
2,독서 일지 쓰기,29,철학적인 사고를 즐김
2,독서 일지 쓰기,29,자신의 생각을 표현하는 것을 즐김
2,책 추천받기,30,호기심이 많음
2,책 추천받기,30,독서에 대한 열정
2,책 추천받기,30,다양한 장르에 관심이 있음
2,책 추천받기,30,비판적 사고력이 뛰어남
2,책 추천받기,30,인내심이 강함
2,책 추천받기,30,감수성이 풍부함
2,책 추천받기,30,새로운 아이디어에 열려 있음
2,책 추천받기,30,독서 습관이 꾸준함
2,책 추천받기,30,문학적인 감각이 뛰어남
2,책 추천받기,30,자기 계발에 관심이 많음
2,책 추천받기,30,독서를 통해 지식 습득을 선호함
2,책 추천받기,30,독서를 통해 감정을 치유함
2,책 추천받기,30,독서를 통해 세계를 넓히고자 함
2,책 추천받기,30,독서를 통해 새로운 경험을 즐김
2,책 추천받기,30,독서를 통해 자아를 발견함
2,책 추천받기,30,다른 사람의 이야기에 공감함
2,책 추천받기,30,독서를 통해 새로운 인사이트를 얻음
2,책 추천받기,30,독서를 통해 창의적 사고를 유도함
2,책 추천받기,30,책을 통해 자아를 성찰함
2,책 추천받기,30,독서를 통해 새로운 가치관을 습득함
3,기타 연주,31,열정적
3,기타 연주,31,규칙적
3,기타 연주,31,집중력이 뛰어난
3,기타 연주,31,창의적
3,기타 연주,31,인내력이 강한
3,기타 연주,31,자기 계발에 열정적인
3,기타 연주,31,책임감이 강한
3,기타 연주,31,성취 지향적인
3,기타 연주,31,자발적인
3,기타 연주,31,융통성 있는
3,기타 연주,31,자신감 넘치는
3,기타 연주,31,긍정적인
3,기타 연주,31,자율성을 중시하는
3,기타 연주,31,자신의 한계를 뛰어넘는
3,기타 연주,31,문제 해결 능력이 뛰어난
3,기타 연주,31,꾸준한 연습을 하는
3,기타 연주,31,자기 주도적인
3,기타 연주,31,참신한 아이디어를 가지고 있는
3,기타 연주,31,타인과 협업하는 능력이 있는
3,기타 연주,31,자발적으로 도전하는
3,노래 부르기,32,음악 감상을 좋아함
3,노래 부르기,32,노래를 자주 듣고 부름
3,노래 부르기,32,노래를 부를 때 감정을 표현함
3,노래 부르기,32,노래를 부르는 것을 즐김
3,노래 부르기,32,음악적 감각이 뛰어남
3,노래 부르기,32,노래를 부를 때 몸을 흔들거나 춤춤
3,노래 부르기,32,자신의 목소리에 자신감을 갖고 있음
3,노래 부르기,32,노래를 부르는 것에 열정을 느낌
3,노래 부르기,32,음악에 대한 관심이 많음
3,노래 부르기,32,노래를 부를 때 표정이 다양함
3,노래 부르기,32,자신만의 노래 스타일이 있음
3,노래 부르기,32,노래를 부를 때 몰입력이 높음
3,노래 부르기,32,다양한 장르의 노래를 부름
3,노래 부르기,32,노래를 부를 때 음악에 맞게 표현함
3,노래 부르기,32,노래를 부를 때 목소리가 좋음
3,노래 부르기,32,친구들과 함께 노래를 부륌
3,노래 부르기,32,노래를 부를 때 감정을 잘 전달함
3,노래 부르기,32,노래를 부를 때 흥이 넘침
3,노래 부르기,32,노래를 부를 때 자유롭고 즉흥적임
3,노래 부르기,32,노래를 부를 때 장소나 상황에 구애받지 않음
3,음악 감상,33,감성적인
3,음악 감상,33,명상적인
3,음악 감상,33,예민한
3,음악 감상,33,감수성이 풍부한
3,음악 감상,33,예술적인
3,음악 감상,33,감정 표현이 풍부한
3,음악 감상,33,세심한
3,음악 감상,33,감각적인
3,음악 감상,33,분석적인
3,음악 감상,33,평화로운
3,음악 감상,33,감정에 휘둘리는
3,음악 감상,33,자유로운
3,음악 감상,33,창의적인
3,음악 감상,33,포용력 있는
3,음악 감상,33,감각적인
3,음악 감상,33,집중력이 뛰어난
3,음악 감상,33,자기 표현이 풍부한
3,음악 감상,33,자아관념이 뚜렷한
3,음악 감상,33,감각적인
3,음악 감상,33,적극적인
3,음악 제작,34,창의적
3,음악 제작,34,감수성이 풍부한
3,음악 제작,34,인내력이 강한
3,음악 제작,34,노력과 열정을 가진
3,음악 제작,34,자기 계발을 좋아하는
3,음악 제작,34,자율성을 중요시하는
3,음악 제작,34,자기 표현을 즐기는
3,음악 제작,34,재능을 가진
3,음악 제작,34,음악에 대한 이해도가 높은
3,음악 제작,34,비판적 사고를 가진
3,음악 제작,34,협업을 잘하는
3,음악 제작,34,책임감이 강한
3,음악 제작,34,새로운 도전을 즐기는
3,음악 제작,34,자기 주도적인
3,음악 제작,34,감정을 표현하는 능력이 뛰어난
3,음악 제작,34,팀워크를 중요시하는
3,음악 제작,34,참신한 아이디어를 가진
3,음악 제작,34,신중한 결정을 내리는
3,음악 제작,34,문제해결능력이 뛰어난
3,음악 제작,34,자기 계발을 소중히 하는
3,피아노 연주,35,정확성
3,피아노 연주,35,규칙적인 연습
3,피아노 연주,35,미적 감각
3,피아노 연주,35,손 미술
3,피아노 연주,35,집중력
3,피아노 연주,35,귀가 뛰어남
3,피아노 연주,35,자기 통제력
3,피아노 연주,35,감수성
3,피아노 연주,35,창의성
3,피아노 연주,35,자기 표현력
3,피아노 연주,35,인내심
3,피아노 연주,35,자발적인 학습 의지
3,피아노 연주,35,자기 성찰
3,피아노 연주,35,심층적인 이해
3,피아노 연주,35,논리적 사고
3,피아노 연주,35,기억력
3,피아노 연주,35,손재주
3,피아노 연주,35,자기 동기부여
3,피아노 연주,35,포용력
3,피아노 연주,35,천재성
3,드럼 연주,36,발버둥치는 정도가 높음
3,드럼 연주,36,근육량이 발달된 팔
3,드럼 연주,36,리듬을 타는 능력이 뛰어남
3,드럼 연주,36,손과 발의 협응이 우수함
3,드럼 연주,36,귀가 민감하여 음악을 잘 듣고 이해함
3,드럼 연주,36,타악기에 대한 관심이 많음
3,드럼 연주,36,집중력이 뛰어남
3,드럼 연주,36,노래에 맞춰 곡을 따라가는 능력이 뛰어남
3,드럼 연주,36,패턴을 읽고 해석하는 능력이 뛰어남
3,드럼 연주,36,스트레스를 해소하는데 효과적임
3,드럼 연주,36,협업하는 것을 좋아함
3,드럼 연주,36,타악기를 다루는데 흥미를 느낌
3,드럼 연주,36,자신의 감정을 음악을 통해 표현하는 것을 좋아함
3,드럼 연주,36,타악기 연주에 대한 열정이 강함
3,드럼 연주,36,자신의 음악적 능력을 계속해서 향상시키는 것을 즐김
3,드럼 연주,36,자신의 음악적 스타일을 개발하려는 의지가 있음
3,드럼 연주,36,문제를 창의적으로 해결하는 능력이 뛰어남
3,드럼 연주,36,인내력이 강함
3,드럼 연주,36,타악기의 소리와 진동에 민감함
3,드럼 연주,36,자신만의 비트를 만들어내는 능력이 뛰어남
3,댄스,37,유연한 체조능력
3,댄스,37,신체 감각
3,댄스,37,리듬 감각
3,댄스,37,좋은 감정표현 능력
3,댄스,37,창의성
3,댄스,37,자신감
3,댄스,37,열정
3,댄스,37,집중력
3,댄스,37,인내력
3,댄스,37,협동심
3,댄스,37,표현력
3,댄스,37,의사소통 능력
3,댄스,37,균형감각
3,댄스,37,상상력
3,댄스,37,탐구심
3,댄스,37,자유로움
3,댄스,37,팀워크
3,댄스,37,자기관리 능력
3,댄스,37,성취욕
3,댄스,37,자기표현 능력
3,DJ,38,Passion for music
3,DJ,38,Good sense of rhythm
3,DJ,38,Creativity
3,DJ,38,Attention to detail
3,DJ,38,Ability to read the crowd
3,DJ,38,Technical skills in using DJ equipment
3,DJ,38,Adaptability
3,DJ,38,Patience
3,DJ,38,Confidence
3,DJ,38,Ability to mix different genres
3,DJ,38,Ability to create a seamless flow of music
3,DJ,38,Good communication skills
3,DJ,38,Ability to handle pressure
3,DJ,38,Knowledge of music trends
3,DJ,38,Ability to create a unique sound
3,DJ,38,Passion for discovering new music
3,DJ,38,Ability to entertain and engage the audience
3,DJ,38,Good time management skills
3,DJ,38,Ability to collaborate with other artists
3,DJ,38,Ability to handle criticism constructively
3,랩,39,창의적인
3,랩,39,리듬 감각이 뛰어난
3,랩,39,언어 능력이 뛰어난
3,랩,39,자신감이 강한
3,랩,39,자유로운 사고를 가진
3,랩,39,도전적인
3,랩,39,감수성이 풍부한
3,랩,39,자기 표현을 잘 하는
3,랩,39,타고난 비판적 사고를 가진
3,랩,39,사회 비판적인
3,랩,39,유쾌한
3,랩,39,포용력이 있는
3,랩,39,자기성찰 능력이 뛰어난
3,랩,39,학습에 열정적인
3,랩,39,포용력이 있는
3,랩,39,자아를 잘 알고 있는
3,랩,39,자신을 표현하는 것을 좋아하는
3,랩,39,사회 문제에 관심이 많은
3,랩,39,타고난 리더십을 가진
3,랩,39,자기 계발에 열정적인
3,노래방,40,음악을 좋아하는
3,노래방,40,노래를 잘하는
3,노래방,40,노래를 좋아하는
3,노래방,40,노래를 듣는 것을 즐기는
3,노래방,40,자신의 음악 취향이 다양한
3,노래방,40,친구들과 함께 하는 것을 즐기는
3,노래방,40,자신의 감정을 음악으로 표현하는
3,노래방,40,노래를 통해 스트레스를 해소하는
3,노래방,40,노래를 통해 자신의 감정을 표현하는
3,노래방,40,노래를 통해 자신의 열정을 표현하는
3,노래방,40,노래를 통해 자신을 표현하는
3,노래방,40,노래를 통해 소통하는
3,노래방,40,노래를 통해 감정을 공유하는
3,노래방,40,노래를 통해 기분전환을 하는
3,노래방,40,노래를 통해 자신을 발견하는
3,노래방,40,노래를 통해 자신을 표현하는
3,노래방,40,노래를 통해 자신을 이야기하는
3,노래방,40,노래를 통해 자신을 어필하는
3,노래방,40,노래를 통해 친구들과 소통하는
3,노래방,40,노래를 통해 주변과 소통하는
3,노래방,40,노래를 통해 자신을 발전시키는
3,악기 연주,41,정확한 박자 감각
3,악기 연주,41,귀가 뛰어난 음악 감각
3,악기 연주,41,인내심
3,악기 연주,41,자기 주도적인 학습 태도
3,악기 연주,41,창의력
3,악기 연주,41,집중력
3,악기 연주,41,손놀림이 뛰어남
3,악기 연주,41,자기관리 능력
3,악기 연주,41,미적 감각
3,악기 연주,41,강인한 의지
3,악기 연주,41,성실함
3,악기 연주,41,타인과의 협업 능력
3,악기 연주,41,자율성
3,악기 연주,41,자신감
3,악기 연주,41,실행력
3,악기 연주,41,인내심
3,악기 연주,41,자기관리 능력
3,악기 연주,41,예술적 감각
3,악기 연주,41,책임감
3,악기 연주,41,자기 발전 욕구
3,보컬 트레이닝,42,음악에 대한 열정
3,보컬 트레이닝,42,노래에 대한 관심
3,보컬 트레이닝,42,귀가 예민하고 섬세함
3,보컬 트레이닝,42,자신감
3,보컬 트레이닝,42,인내심
3,보컬 트레이닝,42,노력하는 성향
3,보컬 트레이닝,42,탄력성
3,보컬 트레이닝,42,꾸준함
3,보컬 트레이닝,42,포용력
3,보컬 트레이닝,42,팀워크
3,보컬 트레이닝,42,리더십
3,보컬 트레이닝,42,자기계발
3,보컬 트레이닝,42,긍정적인 태도
3,보컬 트레이닝,42,자기표현 능력
3,보컬 트레이닝,42,감정 표현 능력
3,보컬 트레이닝,42,인간관계 능력
3,보컬 트레이닝,42,학습 의지
3,보컬 트레이닝,42,창의성
3,보컬 트레이닝,42,자유로운 상상력
3,보컬 트레이닝,42,자신의 감정을 표현하는 능력
3,음악 콘서트 참가,43,열정적인 음악 팬
3,음악 콘서트 참가,43,소셜한 성격
3,음악 콘서트 참가,43,음악에 대한 폭넓은 지식
3,음악 콘서트 참가,43,콘서트 분위기를 즐기는 성격
3,음악 콘서트 참가,43,새로운 음악을 발견하는 것을 즐기는
3,음악 콘서트 참가,43,자유로운 영혼
3,음악 콘서트 참가,43,음악에 대한 높은 관심
3,음악 콘서트 참가,43,콘서트에서의 에너지를 느끼는 것을 즐기는
3,음악 콘서트 참가,43,음악을 통해 감정을 표현하는
3,음악 콘서트 참가,43,라이브 음악을 좋아하는
3,음악 콘서트 참가,43,새로운 아티스트를 발견하는 것을 좋아하는
3,음악 콘서트 참가,43,인내심이 강한
3,음악 콘서트 참가,43,음악에 대한 열정을 다른 사람과 공유하는
3,음악 콘서트 참가,43,음악에 대한 풍부한 감성을 가진
3,음악 콘서트 참가,43,음악으로 스트레스를 해소하는
3,음악 콘서트 참가,43,콘서트를 통해 새로운 경험을 즐기는
3,음악 콘서트 참가,43,음악을 통해 자아를 발견하는
3,음악 콘서트 참가,43,콘서트에서의 음악에 대한 열정을 공유하는
3,음악 콘서트 참가,43,음악에 대한 뛰어난 감각을 가진
3,음악 콘서트 참가,43,음악을 통해 새로운 인사이트를 얻는
3,음악 영화 감상,44,감성적인
3,음악 영화 감상,44,예술적인
3,음악 영화 감상,44,재미있는
3,음악 영화 감상,44,감동적인
3,음악 영화 감상,44,다양한 음악 취향을 가지고 있음
3,음악 영화 감상,44,영화에 대한 지식이 풍부함
3,음악 영화 감상,44,음악에 대한 지식이 풍부함
3,음악 영화 감상,44,예술적 감각이 뛰어남
3,음악 영화 감상,44,예술 영화를 선호함
3,음악 영화 감상,44,음악 영화를 즐김
3,음악 영화 감상,44,음악적 감각이 발달함
3,음악 영화 감상,44,영화 감상 능력이 뛰어남
3,음악 영화 감상,44,음악에 대한 열정이 큼
3,음악 영화 감상,44,영화에 대한 열정이 큼
3,음악 영화 감상,44,영상미를 중요시함
3,음악 영화 감상,44,음악의 감성적인 면을 중요시함
3,음악 영화 감상,44,영화 음악을 즐김
3,음악 영화 감상,44,OST를 즐김
3,음악 영화 감상,44,음악 영화의 연출을 중요시함
3,음악 페스티벌 참가,45,열정적인 음악 애호가
3,음악 페스티벌 참가,45,사교적이고 친화력이 좋음
3,음악 페스티벌 참가,45,모험을 즐기는 성격
3,음악 페스티벌 참가,45,개방적이고 호기심이 많음
3,음악 페스티벌 참가,45,자유로운 영혼을 가지고 있음
3,음악 페스티벌 참가,45,독립적이고 자기 주도적인 성향
3,음악 페스티벌 참가,45,새로운 경험을 추구하는 탐험가
3,음악 페스티벌 참가,45,창의적이고 예술적인 감각이 뛰어남
3,음악 페스티벌 참가,45,긍정적이고 낙천적인 마인드
3,음악 페스티벌 참가,45,스트레스를 잘 이겨내는 강인한 성격
3,음악 페스티벌 참가,45,자유롭고 개방된 사고를 가지고 있음
3,음악 페스티벌 참가,45,타인과의 관계를 중요시하는 사교성
3,음악 페스티벌 참가,45,신뢰성과 책임감이 있는 성품
3,음악 페스티벌 참가,45,다양한 사람들과 소통하는 능력
3,음악 페스티벌 참가,45,도전을 즐기며 새로운 것에 도전하는 용기
3,음악 페스티벌 참가,45,긍정적인 에너지를 품고 있음
3,음악 페스티벌 참가,45,자율적이고 자기 주도적인 성향
3,음악 페스티벌 참가,45,감정표현을 잘하는 감성적인 성격
3,음악 페스티벌 참가,45,소통능력이 뛰어나며 친구를 사귀는 게 쉬움
3,음악 페스티벌 참가,45,자유로운 영혼을 가지고 새로운 경험을 추구함
4,등산,46,체력이 좋음
4,등산,46,규칙적인 운동을 즐김
4,등산,46,자연을 즐기는 것을 선호함
4,등산,46,모험을 즐김
4,등산,46,스트레스 해소에 좋음
4,등산,46,자신을 돌아보는 시간을 갖고 싶어함
4,등산,46,자연 속에서의 평화로움을 즐김
4,등산,46,목표를 향해 노력하는 성향
4,등산,46,힘든 상황에도 포기하지 않음
4,등산,46,자발적으로 도전하는 성향
4,등산,46,즐거움을 위해 노력하는 태도
4,등산,46,친구나 가족과 함께 하는 것을 즐김
4,등산,46,새로운 경험을 추구함
4,등산,46,자연 속에서의 에너지를 느낌
4,등산,46,몸과 마음을 건강하게 유지하고 싶어함
4,등산,46,자연의 아름다움을 감상하는 것을 좋아함
4,등산,46,도전을 좋아하는 성향
4,등산,46,자발적으로 활동하는 것을 즐김
4,등산,46,긍정적인 마인드를 가지고 있음
4,등산,46,자연 속에서의 자유로움을 느낌
4,캠핑,47,야외 활동을 좋아함
4,캠핑,47,자연을 즐기는 것을 선호함
4,캠핑,47,모험을 즐기는 성격
4,캠핑,47,직접 요리하는 것을 즐김
4,캠핑,47,집에서 보내는 시간보다 밖에서 활동하는 것을 좋아함
4,캠핑,47,스트레스를 풀기 위해 자연 속으로 나가는 것을 즐김
4,캠핑,47,단순한 즐거움을 중요시함
4,캠핑,47,자연 속에서의 평온한 분위기를 즐김
4,캠핑,47,사회적인 모임보다는 소수의 친구나 가족과 함께하는 것을 선호함
4,캠핑,47,실용적이고 현실적인 면이 강함
4,캠핑,47,자발적으로 노력하는 성향
4,캠핑,47,자기 주도적인 성격
4,캠핑,47,도전을 즐기는 성격
4,캠핑,47,자신의 능력을 시험하는 것을 좋아함
4,캠핑,47,자연 속에서의 삶에 대한 로맨틱한 이상을 갖고 있음
4,캠핑,47,자연 속에서의 간단한 삶을 선호함
4,캠핑,47,순수한 즐거움을 추구함
4,캠핑,47,자연 속에서의 휴식을 중요시함
4,캠핑,47,신선한 공기를 마시는 것을 즐김
4,캠핑,47,새로운 경험을 추구함
4,바다 낚시,48,인내력
4,바다 낚시,48,관찰력
4,바다 낚시,48,정확한 명확한
4,바다 낚시,48,인내
4,바다 낚시,48,포용력
4,바다 낚시,48,창의력
4,바다 낚시,48,끈기
4,바다 낚시,48,자연을 사랑하는 마음
4,바다 낚시,48,자연과의 조화
4,바다 낚시,48,책임감
4,바다 낚시,48,도전 정신
4,바다 낚시,48,자연의 변화에 대한 이해
4,바다 낚시,48,자연과의 소통 능력
4,바다 낚시,48,침착함
4,바다 낚시,48,항해 경험
4,바다 낚시,48,수면 패턴이 좋음
4,바다 낚시,48,집중력
4,바다 낚시,48,평온함
4,바다 낚시,48,대자연을 느끼는 능력
4,바다 낚시,48,경험적인 지식
4,자전거 타기,49,활동적인
4,자전거 타기,49,체력이 좋은
4,자전거 타기,49,호기심이 많은
4,자전거 타기,49,자유로운 영혼
4,자전거 타기,49,운동을 좋아하는
4,자전거 타기,49,야외 활동을 좋아하는
4,자전거 타기,49,자연을 즐기는
4,자전거 타기,49,모험을 즐기는
4,자전거 타기,49,건강을 중요시하는
4,자전거 타기,49,자기계발을 추구하는
4,자전거 타기,49,스트레스 해소를 위한
4,자전거 타기,49,매력적인
4,자전거 타기,49,자유분방한
4,자전거 타기,49,쾌활한
4,자전거 타기,49,도전을 즐기는
4,자전거 타기,49,자신감 있는
4,자전거 타기,49,원동력이 강한
4,자전거 타기,49,자기관리에 능숙한
4,자전거 타기,49,자발적인
4,자전거 타기,49,자유로운 사고를 가진
4,서핑,50,Adventurous
4,서핑,50,Free-spirited
4,서핑,50,Active
4,서핑,50,Brave
4,서핑,50,Resilient
4,서핑,50,Patient
4,서핑,50,Energetic
4,서핑,50,Determined
4,서핑,50,Outgoing
4,서핑,50,Laid-back
4,서핑,50,Passionate
4,서핑,50,Nature-loving
4,서핑,50,Fearless
4,서핑,50,Optimistic
4,서핑,50,Adaptable
4,서핑,50,Independent
4,서핑,50,Confident
4,서핑,50,Easygoing
4,서핑,50,Strong
4,서핑,50,Creative
4,스노클링,51,수영을 좋아하는
4,스노클링,51,바다나 해변을 좋아하는
4,스노클링,51,자유로운 환경을 즐기는
4,스노클링,51,탐험을 즐기는
4,스노클링,51,자연을 사랑하는
4,스노클링,51,수중 생물을 감상하는
4,스노클링,51,평화로운 분위기를 선호하는
4,스노클링,51,신선한 공기를 마시는 것을 좋아하는
4,스노클링,51,자유로운 움직임을 즐기는
4,스노클링,51,햇빛을 즐기는
4,스노클링,51,자연 속에서 활동을 즐기는
4,스노클링,51,수중에서의 경험을 추구하는
4,스노클링,51,해양 생태계에 관심이 있는
4,스노클링,51,바다 스포츠를 즐기는
4,스노클링,51,휴양을 좋아하는
4,스노클링,51,푸른 바다를 감상하는
4,스노클링,51,자연 속에서의 휴식을 즐기는
4,스노클링,51,해수욕을 좋아하는
4,스노클링,51,자연 속에서의 명상을 즐기는
4,스노클링,51,아름다운 해수를 감상하는
4,스키,52,용기 있는
4,스키,52,근성이 강한
4,스키,52,체력이 좋은
4,스키,52,인내력이 있는
4,스키,52,책임감 있는
4,스키,52,도전적인
4,스키,52,자유로운
4,스키,52,자신감 있는
4,스키,52,적응력이 뛰어난
4,스키,52,스트레스를 잘 이겨내는
4,스키,52,팀워크를 잘 하는
4,스키,52,신중한
4,스키,52,포용력 있는
4,스키,52,관용있는
4,스키,52,긍정적인
4,스키,52,낙천적인
4,스키,52,창의적인
4,스키,52,자발적인
4,스키,52,끈기 있는
4,스키,52,성실한
4,스노보드,53,관심 있는 사람들과 함께 즐기는 것을 선호함
4,스노보드,53,모험적이고 도전을 즐김
4,스노보드,53,체력적인 활동을 즐김
4,스노보드,53,자유로운 분위기를 선호함
4,스노보드,53,자연 속에서 활동하는 것을 좋아함
4,스노보드,53,속도와 흥분을 즐김
4,스노보드,53,기술적인 부분에 대한 관심이 높음
4,스노보드,53,균형을 잘 유지하는 능력이 뛰어남
4,스노보드,53,신체적인 도전을 좋아함
4,스노보드,53,새로운 도전을 즐기는 성격
4,스노보드,53,자신의 능력을 계속 향상시키려는 의지가 강함
4,스노보드,53,자유롭고 유연한 사고를 가짐
4,스노보드,53,다양한 환경에서 활동하는 것을 좋아함
4,스노보드,53,친구나 가족과 함께 하는 활동을 즐김
4,스노보드,53,스릴과 흥분을 추구하는 성향
4,스노보드,53,자신의 속도와 방향을 스스로 조절할 수 있는 능력이 뛰어남
4,스노보드,53,자신의 능력을 시험해보는 것을 좋아함
4,스노보드,53,자유롭게 움직이는 것을 즐김
4,스노보드,53,실외 활동을 즐기는 성격
4,스노보드,53,자신의 한계를 뛰어넘는 것을 좋아함
4,윈드서핑,54,Adventurous
4,윈드서핑,54,Fearless
4,윈드서핑,54,Physically fit
4,윈드서핑,54,Competitive
4,윈드서핑,54,Patient
4,윈드서핑,54,Skilled in balance
4,윈드서핑,54,Strong
4,윈드서핑,54,Good reflexes
4,윈드서핑,54,Resilient
4,윈드서핑,54,Independent
4,윈드서핑,54,Adaptable
4,윈드서핑,54,Creative
4,윈드서핑,54,Enthusiastic
4,윈드서핑,54,Confident
4,윈드서핑,54,Quick learner
4,윈드서핑,54,Focused
4,윈드서핑,54,Energetic
4,윈드서핑,54,Courageous
4,윈드서핑,54,Persistent
4,윈드서핑,54,Passionate
4,패러글라이딩,55,모험적인
4,패러글라이딩,55,용감한
4,패러글라이딩,55,자유로운
4,패러글라이딩,55,도전적인
4,패러글라이딩,55,자연을 즐기는
4,패러글라이딩,55,대자연을 즐기는
4,패러글라이딩,55,낙천적인
4,패러글라이딩,55,호기심 많은
4,패러글라이딩,55,자유로운 영혼
4,패러글라이딩,55,자율적인
4,패러글라이딩,55,신선한 경험을 즐기는
4,패러글라이딩,55,극한을 즐기는
4,패러글라이딩,55,날아다니는 것을 좋아하는
4,패러글라이딩,55,자신감 있는
4,패러글라이딩,55,자연과 가까운
4,패러글라이딩,55,자율적인
4,패러글라이딩,55,자연 속에서 힐링하는
4,패러글라이딩,55,모험을 즐기는
4,패러글라이딩,55,자연을 향한 사랑
4,패러글라이딩,55,자유로운 정신을 갖춘
4,서바이벌 게임,56,전략적 사고
4,서바이벌 게임,56,체력과 스태미너
4,서바이벌 게임,56,정확한 사격 능력
4,서바이벌 게임,56,숨기고 은신하는 능력
4,서바이벌 게임,56,냉정한 태도
4,서바이벌 게임,56,신속한 움직임
4,서바이벌 게임,56,팀원과의 협력
4,서바이벌 게임,56,자원 관리 능력
4,서바이벌 게임,56,응급 처치 능력
4,서바이벌 게임,56,위험 상황에서도 침착함
4,서바이벌 게임,56,창의력
4,서바이벌 게임,56,뛰어난 손목력
4,서바이벌 게임,56,배짱
4,서바이벌 게임,56,자긍심
4,서바이벌 게임,56,자기 통제 능력
4,서바이벌 게임,56,기민한 눈썰미
4,서바이벌 게임,56,조용한 움직임
4,서바이벌 게임,56,교전 기술
4,서바이벌 게임,56,긴장에 대한 저항력
4,서바이벌 게임,56,충동적이지 않음
4,글램핑,57,야외에서 즐기는 캠핑
4,글램핑,57,럭셔리한 텐트나 카라반 사용
4,글램핑,57,화이어플레이스를 이용한 바베큐
4,글램핑,57,야외 테이블세팅
4,글램핑,57,화이어피트를 이용한 모닥불
4,글램핑,57,고급스러운 야외 조명
4,글램핑,57,편안한 야외 의자
4,글램핑,57,야외 테라스
4,글램핑,57,실내와 야외를 연결하는 창문
4,글램핑,57,야외 레크리에이션 공간
4,글램핑,57,별이 보이는 밤하늘 감상
4,글램핑,57,야외에서의 칵테일 파티
4,글램핑,57,고급스러운 야외 소품
4,글램핑,57,편안한 침실 세팅
4,글램핑,57,야외 욕실 체험
4,글램핑,57,푹신한 침구류
4,글램핑,57,포근한 담요
4,글램핑,57,고급스러운 야외 주방
4,글램핑,57,야외에서의 특별한 식사
4,글램핑,57,힐링을 위한 자연 소리 감상
4,바이크 투어,58,모험적인
4,바이크 투어,58,활동적인
4,바이크 투어,58,체력적으로 강인한
4,바이크 투어,58,호기심 많은
4,바이크 투어,58,자유로운 영혼을 가진
4,바이크 투어,58,자연을 즐기는
4,바이크 투어,58,용감한
4,바이크 투어,58,도전을 즐기는
4,바이크 투어,58,탐험가
4,바이크 투어,58,자신감 있는
4,바이크 투어,58,모험을 좋아하는
4,바이크 투어,58,열정적인
4,바이크 투어,58,건강을 중요시하는
4,바이크 투어,58,행동력 있는
4,바이크 투어,58,지도를 읽는 능력이 뛰어난
4,바이크 투어,58,자기 주도적인
4,바이크 투어,58,자유로운 정신을 가진
4,바이크 투어,58,팀플레이에 적합한
4,바이크 투어,58,스트레스 해소를 위해 자전거를 즐기는
4,바이크 투어,58,자연 속에서 활력을 찾는
4,서핑 보드 제작,59,창의적
4,서핑 보드 제작,59,손재주가 좋은
4,서핑 보드 제작,59,인내력이 강한
4,서핑 보드 제작,59,자세한 관찰력을 가진
4,서핑 보드 제작,59,자유로운 영혼을 가진
4,서핑 보드 제작,59,인내심이 강한
4,서핑 보드 제작,59,자연을 즐기는
4,서핑 보드 제작,59,수작업을 좋아하는
4,서핑 보드 제작,59,관심이 많은
4,서핑 보드 제작,59,도전을 즐기는
4,서핑 보드 제작,59,자신감이 있는
4,서핑 보드 제작,59,자연친화적인
4,서핑 보드 제작,59,예술적 감각이 뛰어난
4,서핑 보드 제작,59,목공예 기술이 뛰어난
4,서핑 보드 제작,59,자세한 지식을 가진
4,서핑 보드 제작,59,열정적인
4,서핑 보드 제작,59,규칙을 잘 따르는
4,서핑 보드 제작,59,해양 환경을 사랑하는
4,서핑 보드 제작,59,배려심이 있는
4,서핑 보드 제작,59,책임감이 강한
4,스쿠버 다이빙,60,모험적인
4,스쿠버 다이빙,60,호기심 많은
4,스쿠버 다이빙,60,용감한
4,스쿠버 다이빙,60,자유로운
4,스쿠버 다이빙,60,대담한
4,스쿠버 다이빙,60,수줍음 없는
4,스쿠버 다이빙,60,수상 스포츠를 즐기는
4,스쿠버 다이빙,60,자연을 즐기는
4,스쿠버 다이빙,60,수중 생물을 탐험하는
4,스쿠버 다이빙,60,해양 생태계를 존중하는
4,스쿠버 다이빙,60,스릴을 즐기는
4,스쿠버 다이빙,60,자율적인
4,스쿠버 다이빙,60,고도의 집중력을 요하는
4,스쿠버 다이빙,60,팀워크를 중요시하는
4,스쿠버 다이빙,60,자신을 돌아보는 시간을 즐기는
4,스쿠버 다이빙,60,자신의 한계를 시험하는
4,스쿠버 다이빙,60,자신의 능력을 발전시키는
4,스쿠버 다이빙,60,자연과 조화를 이루는
4,스쿠버 다이빙,60,스트레스 해소에 도움이 되는
4,스쿠버 다이빙,60,자유롭게 행동하는
5,보드게임,61,전략적 사고
5,보드게임,61,협력
5,보드게임,61,경쟁심
5,보드게임,61,문제 해결능력
5,보드게임,61,논리적 사고
5,보드게임,61,사교성
5,보드게임,61,창의력
5,보드게임,61,관찰력
5,보드게임,61,집중력
5,보드게임,61,인내심
5,보드게임,61,결정력
5,보드게임,61,분석력
5,보드게임,61,발표력
5,보드게임,61,리더십
5,보드게임,61,솔루션 제시
5,보드게임,61,팀워크
5,보드게임,61,의사소통능력
5,보드게임,61,수학적 사고
5,보드게임,61,빠른 판단력
5,보드게임,61,자원 관리
5,컴퓨터 게임,62,집중력
5,컴퓨터 게임,62,분석력
5,컴퓨터 게임,62,전략적 사고
5,컴퓨터 게임,62,반응속도
5,컴퓨터 게임,62,난이도에 대한 도전 정신
5,컴퓨터 게임,62,창의력
5,컴퓨터 게임,62,팀워크
5,컴퓨터 게임,62,경쟁심
5,컴퓨터 게임,62,인내력
5,컴퓨터 게임,62,자기주도적 학습
5,컴퓨터 게임,62,문제해결능력
5,컴퓨터 게임,62,의사소통 능력
5,컴퓨터 게임,62,관찰력
5,컴퓨터 게임,62,자원 관리 능력
5,컴퓨터 게임,62,자기관리 능력
5,컴퓨터 게임,62,루틴을 지키는 능력
5,컴퓨터 게임,62,자기동기 부여 능력
5,컴퓨터 게임,62,기록 관리 능력
5,컴퓨터 게임,62,목표 설정 능력
5,컴퓨터 게임,62,수행능력
5,모바일 게임,63,짧은 시간에 즐길 수 있는 간편함
5,모바일 게임,63,다양한 이벤트와 보상 시스템
5,모바일 게임,63,소셜 기능을 통한 친구와의 경쟁
5,모바일 게임,63,캐릭터나 아이템 수집 요소
5,모바일 게임,63,레벨업이나 성장 요소
5,모바일 게임,63,다양한 게임 모드와 스테이지
5,모바일 게임,63,전략적 요소를 고려한 게임 플레이
5,모바일 게임,63,매력적인 그래픽과 디자인
5,모바일 게임,63,상상력을 자극하는 스토리
5,모바일 게임,63,초보자도 쉽게 접근 가능한 튜토리얼
5,모바일 게임,63,경쟁적인 PVP 요소
5,모바일 게임,63,다양한 캐릭터나 유닛의 특징
5,모바일 게임,63,계속해서 새로운 콘텐츠 추가
5,모바일 게임,63,다른 플레이어와의 협력 요소
5,모바일 게임,63,개성 있는 캐릭터나 유닛 디자인
5,모바일 게임,63,다양한 아이템과 장비의 활용
5,모바일 게임,63,레벨링이나 경험치 시스템
5,모바일 게임,63,캐주얼하게 즐길 수 있는 난이도
5,모바일 게임,63,의외의 반전이 있는 스토리 요소
5,모바일 게임,63,커뮤니티를 형성할 수 있는 기능
5,콘솔 게임,64,평소 게임에 대한 관심이 많음
5,콘솔 게임,64,전략적 사고력이 뛰어남
5,콘솔 게임,64,창의력이 풍부함
5,콘솔 게임,64,규칙을 따르는 것을 좋아함
5,콘솔 게임,64,독립적인 성향
5,콘솔 게임,64,문제 해결능력이 뛰어남
5,콘솔 게임,64,경쟁심이 강함
5,콘솔 게임,64,스트레스 해소를 위해 게임을 즐김
5,콘솔 게임,64,쉬운 포기하지 않는 성격
5,콘솔 게임,64,새로운 것에 대한 호기심이 많음
5,콘솔 게임,64,집중력이 뛰어남
5,콘솔 게임,64,자신의 능력을 향상시키는 것을 좋아함
5,콘솔 게임,64,다양한 장르의 게임을 즐기는 것을 선호함
5,콘솔 게임,64,동료와의 협력을 중요시함
5,콘솔 게임,64,도전을 즐기는 성향
5,콘솔 게임,64,자기 계발을 위해 노력함
5,콘솔 게임,64,자유롭고 유연한 사고를 지님
5,콘솔 게임,64,팀플레이에 적합한 성향
5,콘솔 게임,64,시뮬레이션 게임을 선호함
5,콘솔 게임,64,자신의 역할에 충실함
5,온라인 게임,65,Competitive
5,온라인 게임,65,Strategic
5,온라인 게임,65,Team-oriented
5,온라인 게임,65,Problem-solving
5,온라인 게임,65,Adaptable
5,온라인 게임,65,Quick learner
5,온라인 게임,65,Patient
5,온라인 게임,65,Focused
5,온라인 게임,65,Collaborative
5,온라인 게임,65,Creative
5,온라인 게임,65,Analytical
5,온라인 게임,65,Resourceful
5,온라인 게임,65,Persistent
5,온라인 게임,65,Decisive
5,온라인 게임,65,Good communication skills
5,온라인 게임,65,Detail-oriented
5,온라인 게임,65,Tech-savvy
5,온라인 게임,65,Risk-taker
5,온라인 게임,65,Goal-oriented
5,온라인 게임,65,Quick reflexes
5,카드 게임,66,전략적 사고
5,카드 게임,66,컨트롤과 꾸준한 관심이 필요
5,카드 게임,66,카드 조합에 대한 이해
5,카드 게임,66,플레이어 상호 작용
5,카드 게임,66,운과 실력의 조화
5,카드 게임,66,규칙 이해와 숙지
5,카드 게임,66,빠른 의사결정 능력
5,카드 게임,66,전체 게임의 전략적인 계획
5,카드 게임,66,카드의 가치 판단
5,카드 게임,66,상대방의 전략 파악
5,카드 게임,66,카드 효과의 이해
5,카드 게임,66,불확실성에 대한 대처 능력
5,카드 게임,66,자원 관리
5,카드 게임,66,카드 플레이에 따른 결과 예측
5,카드 게임,66,반응속도
5,카드 게임,66,자기 통제력
5,카드 게임,66,카드 게임의 다양성에 대한 이해
5,카드 게임,66,카드 게임의 역사에 대한 관심
5,카드 게임,66,카드 패턴에 대한 기억력
5,카드 게임,66,실수에 대한 즉각적인 대처
5,롤플레잉 게임,67,창의력
5,롤플레잉 게임,67,상상력
5,롤플레잉 게임,67,인내력
5,롤플레잉 게임,67,의지력
5,롤플레잉 게임,67,사교성
5,롤플레잉 게임,67,자기통제력
5,롤플레잉 게임,67,전략적 사고
5,롤플레잉 게임,67,책임감
5,롤플레잉 게임,67,도전정신
5,롤플레잉 게임,67,리더십
5,롤플레잉 게임,67,자기반성
5,롤플레잉 게임,67,자기성찰
5,롤플레잉 게임,67,자율성
5,롤플레잉 게임,67,공동체 의식
5,롤플레잉 게임,67,탐구심
5,롤플레잉 게임,67,자부심
5,롤플레잉 게임,67,도덕성
5,롤플레잉 게임,67,헌신적인 성향
5,롤플레잉 게임,67,분석력
5,롤플레잉 게임,67,합리적 사고
5,액션 게임,68,빠른 반응속도
5,액션 게임,68,초기 스피드 감각
5,액션 게임,68,극한 상황 대처 능력
5,액션 게임,68,전투 스킬
5,액션 게임,68,적과의 싸움에서의 적응력
5,액션 게임,68,손-눈 연동 능력
5,액션 게임,68,전략적 사고
5,액션 게임,68,게임 내 아이템 활용 능력
5,액션 게임,68,다양한 이동 기술 습득
5,액션 게임,68,정확한 명중률
5,액션 게임,68,게임 화면 분석 능력
5,액션 게임,68,반복된 연습에 대한 인내력
5,액션 게임,68,긴장 상태에서의 집중력
5,액션 게임,68,팀원과의 협력 능력
5,액션 게임,68,적의 행동 예측 능력
5,액션 게임,68,게임 맵 이해도
5,액션 게임,68,게임 내 환경 요소 활용 능력
5,액션 게임,68,빠른 판단 능력
5,액션 게임,68,다양한 전투 전략 습득
5,액션 게임,68,강한 경쟁심
5,스포츠 게임,69,Competitive
5,스포츠 게임,69,Strategic
5,스포츠 게임,69,Team-oriented
5,스포츠 게임,69,Fast-paced
5,스포츠 게임,69,Hand-eye coordination
5,스포츠 게임,69,Quick reflexes
5,스포츠 게임,69,Analytical
5,스포츠 게임,69,Adaptable
5,스포츠 게임,69,Patient
5,스포츠 게임,69,Goal-oriented
5,스포츠 게임,69,Perseverant
5,스포츠 게임,69,Focused
5,스포츠 게임,69,Decisive
5,스포츠 게임,69,Tactical
5,스포츠 게임,69,Collaborative
5,스포츠 게임,69,Agile
5,스포츠 게임,69,Problem-solving
5,스포츠 게임,69,Critical thinking
5,스포츠 게임,69,Sociable
5,스포츠 게임,69,Energetic
5,아케이드 게임,70,Competitive
5,아케이드 게임,70,Retro
5,아케이드 게임,70,Addictive
5,아케이드 게임,70,Fast-paced
5,아케이드 게임,70,Skill-based
5,아케이드 게임,70,Colorful
5,아케이드 게임,70,Simple controls
5,아케이드 게임,70,High score chasing
5,아케이드 게임,70,Nostalgic
5,아케이드 게임,70,Challenging
5,아케이드 게임,70,Pixel art
5,아케이드 게임,70,Arcade cabinet inspired
5,아케이드 게임,70,Quick gameplay sessions
5,아케이드 게임,70,Power-ups
5,아케이드 게임,70,Leaderboards
5,아케이드 게임,70,Classic gameplay mechanics
5,아케이드 게임,70,Unlockable content
5,아케이드 게임,70,Multiplayer
5,아케이드 게임,70,High replay value
5,아케이드 게임,70,Incorporates music/sound effects
5,퍼즐 게임,71,집중력
5,퍼즐 게임,71,논리적 사고
5,퍼즐 게임,71,관찰력
5,퍼즐 게임,71,인내심
5,퍼즐 게임,71,문제 해결 능력
5,퍼즐 게임,71,퍼즐 해결에 대한 열정
5,퍼즐 게임,71,분석력
5,퍼즐 게임,71,기억력
5,퍼즐 게임,71,창의력
5,퍼즐 게임,71,자기 동기 부여
5,퍼즐 게임,71,스트레스 해소
5,퍼즐 게임,71,자기 완성 성취감
5,퍼즐 게임,71,도전 정신
5,퍼즐 게임,71,자발적 학습 욕구
5,퍼즐 게임,71,질서 정연함
5,퍼즐 게임,71,자율성
5,퍼즐 게임,71,자기주도력
5,퍼즐 게임,71,자기 조절 능력
5,퍼즐 게임,71,일관성
5,퍼즐 게임,71,성취 지향
5,시뮬레이션 게임,72,관찰력
5,시뮬레이션 게임,72,창의력
5,시뮬레이션 게임,72,전략적 사고
5,시뮬레이션 게임,72,인내심
5,시뮬레이션 게임,72,자기관리 능력
5,시뮬레이션 게임,72,자기주도성
5,시뮬레이션 게임,72,자아실현 욕구
5,시뮬레이션 게임,72,문제해결 능력
5,시뮬레이션 게임,72,의사소통 능력
5,시뮬레이션 게임,72,자원 관리 능력
5,시뮬레이션 게임,72,팀워크
5,시뮬레이션 게임,72,분석 능력
5,시뮬레이션 게임,72,주도성
5,시뮬레이션 게임,72,결정력
5,시뮬레이션 게임,72,실용적 사고
5,시뮬레이션 게임,72,관계 형성 능력
5,시뮬레이션 게임,72,참신성
5,시뮬레이션 게임,72,학습능력
5,시뮬레이션 게임,72,적응력
5,시뮬레이션 게임,72,자기계발
5,전략 게임,73,분석력
5,전략 게임,73,전략적 사고
5,전략 게임,73,자원 관리 능력
5,전략 게임,73,수학적 사고
5,전략 게임,73,상황 판단 능력
5,전략 게임,73,목표 설정 능력
5,전략 게임,73,팀원과의 협력
5,전략 게임,73,대처 능력
5,전략 게임,73,논리적 사고
5,전략 게임,73,결정력
5,전략 게임,73,자제력
5,전략 게임,73,위기 대처 능력
5,전략 게임,73,포용력
5,전략 게임,73,창의력
5,전략 게임,73,문제 해결 능력
5,전략 게임,73,시간 관리 능력
5,전략 게임,73,투자 의지
5,전략 게임,73,성취 동기
5,전략 게임,73,자기 통제 능력
5,전략 게임,73,자기 주도 능력
5,어드벤처 게임,74,Curiosity
5,어드벤처 게임,74,Problem solving skills
5,어드벤처 게임,74,Critical thinking
5,어드벤처 게임,74,Perseverance
5,어드벤처 게임,74,Exploration
5,어드벤처 게임,74,Decision making
5,어드벤처 게임,74,Risk-taking
5,어드벤처 게임,74,Resourcefulness
5,어드벤처 게임,74,Teamwork
5,어드벤처 게임,74,Attention to detail
5,어드벤처 게임,74,Strategic planning
5,어드벤처 게임,74,Adaptability
5,어드벤처 게임,74,Quick thinking
5,어드벤처 게임,74,Creativity
5,어드벤처 게임,74,Patience
5,어드벤처 게임,74,Observational skills
5,어드벤처 게임,74,Memory
5,어드벤처 게임,74,Logical reasoning
5,어드벤처 게임,74,Analytical skills
5,어드벤처 게임,74,Inquisitiveness
5,음악 게임,75,리듬 감각
5,음악 게임,75,빠른 손놀림
5,음악 게임,75,노래에 대한 이해도
5,음악 게임,75,집중력
5,음악 게임,75,반복에 대한 인내심
5,음악 게임,75,손-뇌-눈의 협업
5,음악 게임,75,피드백에 민감함
5,음악 게임,75,커뮤니티 활동
5,음악 게임,75,경쟁심
5,음악 게임,75,다양한 음악 장르에 대한 관심
5,음악 게임,75,감정 표현 능력
5,음악 게임,75,창의력
5,음악 게임,75,자아성찰
5,음악 게임,75,전략적 사고
5,음악 게임,75,자발적 학습 욕구
5,음악 게임,75,스트레스 관리 능력
5,음악 게임,75,협업 능력
5,음악 게임,75,자기관리 능력
5,음악 게임,75,자기성찰 능력
5,음악 게임,75,자기계발 욕구
6,베이킹,76,창의력
6,베이킹,76,인내력
6,베이킹,76,정확성
6,베이킹,76,자기 주도적
6,베이킹,76,도전 정신
6,베이킹,76,집중력
6,베이킹,76,세심함
6,베이킹,76,인내심
6,베이킹,76,책임감
6,베이킹,76,성취 지향적
6,베이킹,76,참을성
6,베이킹,76,항상 새로운 것을 시도하는
6,베이킹,76,자기 계발
6,베이킹,76,심미성
6,베이킹,76,조직력
6,베이킹,76,의지력
6,베이킹,76,자신감
6,베이킹,76,규칙 준수
6,베이킹,76,사회성
6,베이킹,76,관찰력
6,한식 요리,77,정성을 다하는
6,한식 요리,77,재료에 대한 애정
6,한식 요리,77,인테리어에 신경 쓰는
6,한식 요리,77,맛과 향에 민감한
6,한식 요리,77,창의적인
6,한식 요리,77,진국을 탐구하는
6,한식 요리,77,프로처럼 섬세한
6,한식 요리,77,손재주가 좋은
6,한식 요리,77,연구하는 자세를 가진
6,한식 요리,77,자신만의 레시피를 갖춘
6,한식 요리,77,장인 정신을 가진
6,한식 요리,77,재료의 특성을 아는
6,한식 요리,77,한식 소스를 잘 다루는
6,한식 요리,77,매번 새로운 요리를 시도하는
6,한식 요리,77,책임감이 강한
6,한식 요리,77,성격이 차분한
6,한식 요리,77,포장까지 신경 쓰는
6,한식 요리,77,감각적인
6,한식 요리,77,숨어 있는 맛을 찾는
6,한식 요리,77,매사에 성실한
6,양식 요리,78,정성을 다해 요리를 하고 즐기는 것을 즐김
6,양식 요리,78,다양한 양식 요리를 시도하고 새로운 레시피를 찾아보는 것을 즐김
6,양식 요리,78,재료를 골라 살펴보는 것을 좋아함
6,양식 요리,78,식재료를 다양하게 활용하는 것을 선호함
6,양식 요리,78,맛있는 요리를 만들어 다른 사람과 나누는 것을 즐김
6,양식 요리,78,다른 나라의 문화를 요리를 통해 경험하는 것을 즐김
6,양식 요리,78,외국 요리를 집에서 직접 만들어보는 것을 선호함
6,양식 요리,78,소스와 양념을 조화롭게 사용하는 것을 즐김
6,양식 요리,78,양식 요리에 필요한 도구와 기기를 모으는 것을 취미로 삼음
6,양식 요리,78,레스토랑이나 카페에서 즐기는 요리를 집에서 재현하는 것을 좋아함
6,양식 요리,78,요리하는 과정에서 창의적으로 변형해보는 것을 즐김
6,양식 요리,78,양식 요리에 대한 지식을 쌓아가는 것을 선호함
6,양식 요리,78,맛과 영양을 고려한 요리를 만드는 것을 중요시함
6,양식 요리,78,요리를 통해 스트레스를 해소하는 것을 좋아함
6,양식 요리,78,양식 요리에 대한 열정을 가지고 있음
6,양식 요리,78,양식 요리를 통해 자신의 실력을 발전시키는 것을 즐김
6,양식 요리,78,다양한 양식 요리를 시식하고 비교하는 것을 좋아함
6,양식 요리,78,양식 요리에 대한 열정을 가지고 있음
6,양식 요리,78,혼자서 요리를 하면서 내적인 성취를 느끼는 것을 좋아함
6,양식 요리,78,요리를 통해 새로운 친구들과 소통하는 것을 선호함
6,중식 요리,79,재료 다양성
6,중식 요리,79,양념의 풍부함
6,중식 요리,79,고소한 맛
6,중식 요리,79,새콤한 맛
6,중식 요리,79,달콤한 맛
6,중식 요리,79,매운 맛
6,중식 요리,79,고추를 활용한 요리
6,중식 요리,79,특유의 소스
6,중식 요리,79,간장을 활용한 요리
6,중식 요리,79,발효 음식 활용
6,중식 요리,79,야채 다양성
6,중식 요리,79,고기 요리
6,중식 요리,79,해산물 요리
6,중식 요리,79,면 요리
6,중식 요리,79,튀김 요리
6,중식 요리,79,찜 요리
6,중식 요리,79,볶음 요리
6,중식 요리,79,특유의 맛 강조
6,중식 요리,79,소스로 맛을 살림
6,중식 요리,79,향신료 활용
6,일식 요리,80,정교함
6,일식 요리,80,신선한 재료 활용
6,일식 요리,80,센스 있는 장식
6,일식 요리,80,정확한 조리 시간
6,일식 요리,80,세심한 손질
6,일식 요리,80,미각을 만족시키는 맛
6,일식 요리,80,일본적인 감각
6,일식 요리,80,창의적인 아이디어
6,일식 요리,80,포장된 식재료 활용
6,일식 요리,80,소중한 소스 활용
6,일식 요리,80,섬세함
6,일식 요리,80,일본 요리의 전통
6,일식 요리,80,다양한 조리법 습득
6,일식 요리,80,예술적인 외모
6,일식 요리,80,건강에 좋은 재료 선택
6,일식 요리,80,매력적인 색감
6,일식 요리,80,심미적인 가장
6,일식 요리,80,섬세한 맛
6,일식 요리,80,매력적인 향기
6,일식 요리,80,프로페셔널한 기술
6,디저트 만들기,81,창의적
6,디저트 만들기,81,정교한
6,디저트 만들기,81,인내심이 있는
6,디저트 만들기,81,세심한
6,디저트 만들기,81,재료에 대한 이해가 깊은
6,디저트 만들기,81,반복에 견딜 수 있는
6,디저트 만들기,81,상상력이 풍부한
6,디저트 만들기,81,세련된
6,디저트 만들기,81,세밀한
6,디저트 만들기,81,꼼꼼한
6,디저트 만들기,81,발전시키는 데 열정적인
6,디저트 만들기,81,인기 있는
6,디저트 만들기,81,문제 해결 능력이 뛰어난
6,디저트 만들기,81,맛 감각이 발달한
6,디저트 만들기,81,재료 조합에 능숙한
6,디저트 만들기,81,디자인 감각이 있는
6,디저트 만들기,81,창조적인
6,디저트 만들기,81,완벽주의자
6,디저트 만들기,81,세련된 취향을 가진
6,디저트 만들기,81,신선한 아이디어를 가진
6,스케일러브 요리,82,창의적
6,스케일러브 요리,82,정밀한
6,스케일러브 요리,82,인내력이 강한
6,스케일러브 요리,82,세심한
6,스케일러브 요리,82,책임감 있는
6,스케일러브 요리,82,호기심 많은
6,스케일러브 요리,82,감성적인
6,스케일러브 요리,82,인내심이 있는
6,스케일러브 요리,82,자기 주도적인
6,스케일러브 요리,82,집중력이 뛰어난
6,스케일러브 요리,82,분별력 있는
6,스케일러브 요리,82,참을성 있는
6,스케일러브 요리,82,배려심이 깊은
6,스케일러브 요리,82,책임감이 강한
6,스케일러브 요리,82,독립심이 강한
6,스케일러브 요리,82,차분한
6,스케일러브 요리,82,자기 계발에 관심 있는
6,스케일러브 요리,82,자신의 취미를 소중히 여기는
6,스케일러브 요리,82,상상력이 풍부한
6,스케일러브 요리,82,자기 주관이 확고한
6,요리 동영상 시청,83,창의력
6,요리 동영상 시청,83,인내심
6,요리 동영상 시청,83,꼼꼼함
6,요리 동영상 시청,83,호기심
6,요리 동영상 시청,83,인내력
6,요리 동영상 시청,83,자기 주도적
6,요리 동영상 시청,83,실험적
6,요리 동영상 시청,83,반복적
6,요리 동영상 시청,83,관찰력
6,요리 동영상 시청,83,기억력
6,요리 동영상 시청,83,집중력
6,요리 동영상 시청,83,분석력
6,요리 동영상 시청,83,창조력
6,요리 동영상 시청,83,자기주도적
6,요리 동영상 시청,83,정확성
6,요리 동영상 시청,83,창의성
6,요리 동영상 시청,83,상상력
6,요리 동영상 시청,83,자율성
6,요리 동영상 시청,83,자발성
6,요리 동영상 시청,83,근성
6,테마 요리,84,창의적인
6,테마 요리,84,호기심 많은
6,테마 요리,84,맛에 대한 민감성이 뛰어난
6,테마 요리,84,자기 주도적인
6,테마 요리,84,꼼꼼한
6,테마 요리,84,정확한
6,테마 요리,84,협동적인
6,테마 요리,84,인내심이 강한
6,테마 요리,84,상상력 풍부한
6,테마 요리,84,도전을 즐기는
6,테마 요리,84,자기 주장이 강한
6,테마 요리,84,실험적인
6,테마 요리,84,세심한
6,테마 요리,84,차분한
6,테마 요리,84,포용력 있는
6,테마 요리,84,신속한
6,테마 요리,84,집중력이 뛰어난
6,테마 요리,84,냉정한
6,테마 요리,84,분석적인
6,테마 요리,84,적응력이 높은
6,퓨전 요리,85,창의적
6,퓨전 요리,85,대담한
6,퓨전 요리,85,유연한
6,퓨전 요리,85,진취적인
6,퓨전 요리,85,실험적인
6,퓨전 요리,85,혁신적인
6,퓨전 요리,85,능동적인
6,퓨전 요리,85,다양성을 즐기는
6,퓨전 요리,85,도전을 즐기는
6,퓨전 요리,85,창의력을 발휘하는
6,퓨전 요리,85,창조적인
6,퓨전 요리,85,융합적인
6,퓨전 요리,85,다양한 영감을 받는
6,퓨전 요리,85,독특한
6,퓨전 요리,85,신선한
6,퓨전 요리,85,재미있는
6,퓨전 요리,85,유머러스한
6,퓨전 요리,85,도전적인
6,퓨전 요리,85,상상력을 발휘하는
6,퓨전 요리,85,탐구적인
6,식재료 수집,86,호기심이 많음
6,식재료 수집,86,관찰력이 뛰어남
6,식재료 수집,86,인내력이 강함
6,식재료 수집,86,자연을 사랑함
6,식재료 수집,86,손재주가 좋음
6,식재료 수집,86,창의력이 풍부함
6,식재료 수집,86,지속적인 관심이 있음
6,식재료 수집,86,자연 속에서 행복함
6,식재료 수집,86,정성을 들이는 것을 즐김
6,식재료 수집,86,자연재료에 대한 이해가 깊음
6,식재료 수집,86,노력에 대한 보상을 기다릴 수 있음
6,식재료 수집,86,자연 속에서의 조용한 시간을 즐김
6,식재료 수집,86,자연재료의 가치를 인정하고 존중함
6,식재료 수집,86,자연 속에서의 산책이나 탐험을 즐김
6,식재료 수집,86,자연재료를 다루는 과정에 만족을 느낌
6,식재료 수집,86,자연재료를 활용하여 창작하는 것을 좋아함
6,식재료 수집,86,자연재료를 수집하고 분류하는 것을 즐김
6,식재료 수집,86,자연재료의 다양성과 아름다움에 감탄함
6,식재료 수집,86,자연재료를 이용하여 예술적인 작품을 만듦
6,식재료 수집,86,자연재료를 수집하고 활용하는 방법에 대한 관심이 많음
6,식품 평가,87,미각이 발달해야 함
6,식품 평가,87,다양한 음식을 즐겨먹어야 함
6,식품 평가,87,음식의 맛을 구별할 수 있어야 함
6,식품 평가,87,음식의 향을 감지할 수 있어야 함
6,식품 평가,87,식품의 신선도를 평가할 수 있어야 함
6,식품 평가,87,식재료의 특징을 알아볼 수 있어야 함
6,식품 평가,87,음식의 조리과정을 이해해야 함
6,식품 평가,87,식품의 영양소에 대한 이해가 있어야 함
6,식품 평가,87,식품의 안전성을 고려해야 함
6,식품 평가,87,식품의 원산지에 대해 관심이 있어야 함
6,식품 평가,87,음식의 가격 대비 가치를 따질 수 있어야 함
6,식품 평가,87,식품의 품질을 평가할 수 있어야 함
6,식품 평가,87,음식의 외관을 평가할 수 있어야 함
6,식품 평가,87,식품의 조리법을 알아야 함
6,식품 평가,87,음식의 맛의 조화를 느낄 수 있어야 함
6,식품 평가,87,식품의 저장 방법에 대해 알고 있어야 함
6,식품 평가,87,음식의 조리 시간을 측정할 수 있어야 함
6,식품 평가,87,식품의 조리 방법에 대해 이해해야 함
6,식품 평가,87,음식의 조합을 잘 판단할 수 있어야 함
6,식품 평가,87,식품의 향기를 구별할 수 있어야 함
6,식사 메뉴 기획,88,창의적
6,식사 메뉴 기획,88,호기심 많음
6,식사 메뉴 기획,88,맛집 탐방 좋아함
6,식사 메뉴 기획,88,재료 조합에 대한 감각이 뛰어남
6,식사 메뉴 기획,88,세부 사항에 깊게 신경 씀
6,식사 메뉴 기획,88,다양한 요리 스타일에 관심이 많음
6,식사 메뉴 기획,88,영양 밸런스를 중요시함
6,식사 메뉴 기획,88,인테리어에 관심이 많음
6,식사 메뉴 기획,88,재료에 대한 이해가 높음
6,식사 메뉴 기획,88,프로젝트 계획과 실행 능력이 뛰어남
6,식사 메뉴 기획,88,장기적인 계획을 세우는 데 능숙함
6,식사 메뉴 기획,88,협업 능력이 뛰어남
6,식사 메뉴 기획,88,시장 조사를 철저히 함
6,식사 메뉴 기획,88,시간 관리 능력이 뛰어남
6,식사 메뉴 기획,88,완벽주의자
6,식사 메뉴 기획,88,감각적인 시각 디자인 감각
6,식사 메뉴 기획,88,다양한 문화에 대한 이해도가 높음
6,식사 메뉴 기획,88,친구나 가족과 함께하는 것을 즐김
6,식사 메뉴 기획,88,건강 관리에 신경을 씀
6,식사 메뉴 기획,88,실용적이면서 독특한 아이디어를 가짐
6,요리 공모전 참가,89,창의력
6,요리 공모전 참가,89,인내심
6,요리 공모전 참가,89,정확성
6,요리 공모전 참가,89,책임감
6,요리 공모전 참가,89,의사소통
6,요리 공모전 참가,89,집중력
6,요리 공모전 참가,89,참신함
6,요리 공모전 참가,89,협력
6,요리 공모전 참가,89,자기주도적
6,요리 공모전 참가,89,실험적
6,요리 공모전 참가,89,융통성
6,요리 공모전 참가,89,주도력
6,요리 공모전 참가,89,정리정돈
6,요리 공모전 참가,89,인내심
6,요리 공모전 참가,89,창의성
6,요리 공모전 참가,89,재료선택 능력
6,요리 공모전 참가,89,시각적 감각
6,요리 공모전 참가,89,항상 배우려는 자세
6,요리 공모전 참가,89,도전정신
6,요리 공모전 참가,89,성취욕
6,요리 책 읽기,90,창의적인
6,요리 책 읽기,90,인내심이 있는
6,요리 책 읽기,90,관찰력이 뛰어난
6,요리 책 읽기,90,정확한
6,요리 책 읽기,90,실험적인
6,요리 책 읽기,90,집중력이 강한
6,요리 책 읽기,90,재료에 대한 이해가 있는
6,요리 책 읽기,90,세심한
6,요리 책 읽기,90,계획적인
6,요리 책 읽기,90,상상력이 풍부한
6,요리 책 읽기,90,대인관계가 좋은
6,요리 책 읽기,90,감각적인
6,요리 책 읽기,90,차분한
6,요리 책 읽기,90,신속한
6,요리 책 읽기,90,책임감이 강한
6,요리 책 읽기,90,참신한
6,요리 책 읽기,90,정확한
6,요리 책 읽기,90,자기주도적인
6,요리 책 읽기,90,꾸준한
6,요리 책 읽기,90,차분한
7,넷플릭스 시청,91,최신 영화나 드라마를 빠르게 감상하는 것을 즐김
7,넷플릭스 시청,91,장르에 구애받지 않고 여러 종류의 콘텐츠를 즐김
7,넷플릭스 시청,91,매일 적어도 한 에피소드 이상 시청하는 습관이 있음
7,넷플릭스 시청,91,예고편이나 리뷰를 보고 콘텐츠를 선택하는 것을 선호
7,넷플릭스 시청,91,틈틈히 볼 수 있는 짧은 길이의 콘텐츠를 선호
7,넷플릭스 시청,91,영상 화질과 음향 퀄리티에 민감함
7,넷플릭스 시청,91,인기 있는 작품을 보는 것을 선호
7,넷플릭스 시청,91,다양한 나라의 콘텐츠를 시청하는 것을 선호
7,넷플릭스 시청,91,특정 배우나 감독의 작품을 즐겨 시청함
7,넷플릭스 시청,91,진한 감동을 주는 작품을 선호
7,넷플릭스 시청,91,재난 영화나 액션 영화를 즐겨 시청함
7,넷플릭스 시청,91,스릴 넘치는 작품을 선호
7,넷플릭스 시청,91,예상치 못한 플롯 전개를 즐기는 것을 선호
7,넷플릭스 시청,91,다른 사람들과 함께 콘텐츠를 시청하는 것을 좋아함
7,넷플릭스 시청,91,클리프헝거 형식의 스토리를 좋아함
7,넷플릭스 시청,91,흥미로운 캐릭터와 그들의 이야기에 관심을 갖음
7,넷플릭스 시청,91,시대적 배경이나 사회적 메시지를 담은 작품을 선호
7,넷플릭스 시청,91,다양한 콘텐츠를 시청하며 새로운 것을 발견하는 것을 즐김
7,넷플릭스 시청,91,영상미나 비주얼에 신경을 쓰는 것을 좋아함
7,넷플릭스 시청,91,시리즈물이나 장편 영화를 빠르게 소화하는 것을 선호
7,왓챠 시청,92,취향이 광범위하다
7,왓챠 시청,92,영화나 드라마에 대한 지식이 풍부하다
7,왓챠 시청,92,영상미나 연출에 민감하다
7,왓챠 시청,92,다양한 장르를 즐긴다
7,왓챠 시청,92,작품의 평가를 자주 내린다
7,왓챠 시청,92,시청한 작품을 주변 사람들에게 추천한다
7,왓챠 시청,92,매주 새로운 에피소드나 영화를 기다린다
7,왓챠 시청,92,팝콘과 음료수를 시청 중에 먹는다
7,왓챠 시청,92,작품 속 주인공에 공감한다
7,왓챠 시청,92,작품 속 인물의 패션에 관심이 많다
7,왓챠 시청,92,평점이 높은 작품을 선호한다
7,왓챠 시청,92,누구에게나 작품을 추천한다
7,왓챠 시청,92,작품 속 대사나 명대사를 외운다
7,왓챠 시청,92,작품 속 이야기나 플롯에 심취한다
7,왓챠 시청,92,시청 중에 감정을 표출한다
7,왓챠 시청,92,작품 속 배경음악을 감상한다
7,왓챠 시청,92,작품 속 캐릭터들의 관계를 주의깊게 지켜본다
7,왓챠 시청,92,픽션의 세계에 빠져들기 좋아한다
7,왓챠 시청,92,작품 속 메시지나 교훈을 받아들인다
7,왓챠 시청,92,작품 속 장면들을 여러 번 되새김질한다
7,유튜브 시청,93,호기심이 많음
7,유튜브 시청,93,비디오 콘텐츠를 즐김
7,유튜브 시청,93,다양한 주제에 관심이 있음
7,유튜브 시청,93,인터넷을 자주 이용함
7,유튜브 시청,93,동영상 시청을 즐김
7,유튜브 시청,93,새로운 정보에 민감함
7,유튜브 시청,93,영상을 통한 학습을 선호함
7,유튜브 시청,93,컨텐츠를 공유하는 것을 즐김
7,유튜브 시청,93,시각적인 자극을 선호함
7,유튜브 시청,93,자기계발을 즐김
7,유튜브 시청,93,흥미로운 영상을 찾는 것을 좋아함
7,유튜브 시청,93,커뮤니티 활동을 선호함
7,유튜브 시청,93,유머를 감각을 가지고 있음
7,유튜브 시청,93,다른 사람들의 경험을 공유하는 것을 좋아함
7,유튜브 시청,93,소셜 미디어를 자주 이용함
7,유튜브 시청,93,스트레스 해소를 위해 시청함
7,유튜브 시청,93,온라인 쇼핑을 즐김
7,유튜브 시청,93,좋아하는 콘텐츠를 구독하는 것을 선호함
7,유튜브 시청,93,다양한 크리에이터를 팔로우함
7,유튜브 시청,93,비디오 편집에 관심이 있음
7,아마존 프라임 비디오 시청,94,영화나 드라마를 즐기는
7,아마존 프라임 비디오 시청,94,시간을 활용하는 스마트한
7,아마존 프라임 비디오 시청,94,다양한 장르를 즐기는
7,아마존 프라임 비디오 시청,94,휴대폰이나 태블릿을 자주 이용하는
7,아마존 프라임 비디오 시청,94,신작 영화나 드라마를 선호하는
7,아마존 프라임 비디오 시청,94,크리에이티브한
7,아마존 프라임 비디오 시청,94,온라인 동영상을 자주 시청하는
7,아마존 프라임 비디오 시청,94,비디오 스트리밍 서비스를 구독하는
7,아마존 프라임 비디오 시청,94,영상 콘텐츠에 관심이 많은
7,아마존 프라임 비디오 시청,94,인터넷 연결 환경이 좋은
7,아마존 프라임 비디오 시청,94,자신만의 시청 스타일을 가진
7,아마존 프라임 비디오 시청,94,영상 소비를 즐기는
7,아마존 프라임 비디오 시청,94,다양한 영상 콘텐츠를 찾아보는
7,아마존 프라임 비디오 시청,94,휴대성이 좋은 디바이스를 사용하는
7,아마존 프라임 비디오 시청,94,최신 영화나 드라마를 시청하는
7,아마존 프라임 비디오 시청,94,다양한 언어로 영상 콘텐츠를 시청하는
7,아마존 프라임 비디오 시청,94,스트레스 해소를 위해 영상 시청을 즐기는
7,아마존 프라임 비디오 시청,94,다양한 문화를 경험하는
7,아마존 프라임 비디오 시청,94,자신만의 시청 패턴을 가진
7,아마존 프라임 비디오 시청,94,영상 콘텐츠를 공유하는
7,아마존 프라임 비디오 시청,94,영상 콘텐츠를 업데이트하는
7,디즈니플러스 시청,95,애니메이션을 즐기는
7,디즈니플러스 시청,95,디즈니 캐릭터를 사랑하는
7,디즈니플러스 시청,95,디즈니 영화를 자주 보는
7,디즈니플러스 시청,95,디즈니 테마파크를 즐기는
7,디즈니플러스 시청,95,디즈니 뮤지컬을 좋아하는
7,디즈니플러스 시청,95,디즈니 노래를 자주 부르는
7,디즈니플러스 시청,95,디즈니 콘텐츠를 컬렉션하는
7,디즈니플러스 시청,95,디즈니 캐릭터 상품을 수집하는
7,디즈니플러스 시청,95,디즈니플러스 오리지널 시리즈를 즐기는
7,디즈니플러스 시청,95,디즈니플러스 영화를 매일 시청하는
7,디즈니플러스 시청,95,디즈니 캐릭터 코스프레를 즐기는
7,디즈니플러스 시청,95,디즈니 영화 속 명대사를 많이 알고 있는
7,디즈니플러스 시청,95,디즈니 영화 음악을 자주 듣는
7,디즈니플러스 시청,95,디즈니 영화 속 픽사 애니메이션을 좋아하는
7,디즈니플러스 시청,95,디즈니 영화 속 공주 이야기를 즐기는
7,디즈니플러스 시청,95,디즈니 영화 속 악당 캐릭터를 좋아하는
7,디즈니플러스 시청,95,디즈니 픽사 애니메이션을 자주 시청하는
7,디즈니플러스 시청,95,디즈니 영화 속 판타지 세계를 좋아하는
7,디즈니플러스 시청,95,디즈니 영화 속 동화적 이야기를 좋아하는
7,디즈니플러스 시청,95,디즈니플러스 특별한 콘텐츠를 기대하는
7,하루 종일 드라마 시청,96,극적인 상황에 대한 강한 감정 표현
7,하루 종일 드라마 시청,96,이야기의 전개에 집중력이 뛰어남
7,하루 종일 드라마 시청,96,주인공과 공감할 수 있는 캐릭터에 대한 애착
7,하루 종일 드라마 시청,96,재미있는 플롯과 전개에 놀라움을 느낌
7,하루 종일 드라마 시청,96,다양한 캐릭터 간의 관계에 관심이 많음
7,하루 종일 드라마 시청,96,스릴러나 로맨스 등 다양한 장르에 관심이 있음
7,하루 종일 드라마 시청,96,대화나 상황에 대한 논리적인 분석 능력이 뛰어남
7,하루 종일 드라마 시청,96,배우들의 연기력에 대한 관심이 많음
7,하루 종일 드라마 시청,96,스토리의 전개와 결말에 대한 예측을 즐김
7,하루 종일 드라마 시청,96,드라마 속 인물들의 패션에 관심이 있음
7,하루 종일 드라마 시청,96,다양한 드라마를 시청하며 배우거나 대사를 외우는 취미가 있음
7,하루 종일 드라마 시청,96,드라마 속 세계에 몰입하는 능력이 뛰어남
7,하루 종일 드라마 시청,96,드라마 속 캐릭터들의 감정 변화를 섬세하게 파악함
7,하루 종일 드라마 시청,96,드라마 속 상황을 현실과 연결짓는 능력이 있음
7,하루 종일 드라마 시청,96,드라마 속 캐릭터들의 성격에 대한 분석을 즐김
7,하루 종일 드라마 시청,96,드라마 속 대사나 명대사를 인용하는 버릇이 있음
7,하루 종일 드라마 시청,96,드라마 속 배경음악에 대한 관심이 많음
7,하루 종일 드라마 시청,96,드라마 속 캐릭터들의 행동을 예측하거나 분석하는 능력이 뛰어남
7,하루 종일 드라마 시청,96,드라마 속 사건들에 대한 반응이 감정적이고 강렬함
7,하루 종일 드라마 시청,96,드라마 속 캐릭터들의 관계에 대한 깊은 관심이 있음
7,영화 마라톤,97,인내력이 강하다
7,영화 마라톤,97,긴장을 풀기 쉽다
7,영화 마라톤,97,자유로운 상상력을 가지고 있다
7,영화 마라톤,97,다양한 장르의 영화를 즐길 줄 안다
7,영화 마라톤,97,감정을 표현하는 능력이 뛰어나다
7,영화 마라톤,97,자체적인 영화 평가 능력이 뛰어나다
7,영화 마라톤,97,커피나 스낵을 즐기는 것을 좋아한다
7,영화 마라톤,97,시간에 대한 융통성이 있다
7,영화 마라톤,97,영화 속 대사나 장면을 외우는 것을 좋아한다
7,영화 마라톤,97,영화 속 캐릭터들에 공감을 잘 할 수 있다
7,영화 마라톤,97,영화 속 의미를 깊게 해석하는 능력이 있다
7,영화 마라톤,97,영화 속 음악에 감성을 느낄 수 있다
7,영화 마라톤,97,영화 속 분위기를 느낄 수 있는 감각이 뛰어나다
7,영화 마라톤,97,재미와 감동을 동시에 느낄 수 있는 능력이 있다
7,영화 마라톤,97,다른 사람들과 함께 영화를 즐길 수 있는 사교성이 있다
7,영화 마라톤,97,영화 속 플롯을 예측하는 능력이 뛰어나다
7,영화 마라톤,97,영화 속 시나리오를 따라가는 능력이 있다
7,영화 마라톤,97,영화 속 연출과 촬영 기술을 감상할 수 있는 시각 감각이 있다
7,영화 마라톤,97,영화 속 스펙터클한 장면을 즐길 수 있다
7,영화 마라톤,97,영화 속 감정적인 사건에 공감할 수 있는 능력이 있다
7,다큐멘터리 시청,98,지적 호기심
7,다큐멘터리 시청,98,비판적 사고
7,다큐멘터리 시청,98,관찰력
7,다큐멘터리 시청,98,인내력
7,다큐멘터리 시청,98,객관적 사고
7,다큐멘터리 시청,98,학습 욕구
7,다큐멘터리 시청,98,분석력
7,다큐멘터리 시청,98,논리적 사고
7,다큐멘터리 시청,98,자기계발
7,다큐멘터리 시청,98,열정
7,다큐멘터리 시청,98,자기주도적
7,다큐멘터리 시청,98,흥미
7,다큐멘터리 시청,98,지식 탐구
7,다큐멘터리 시청,98,관심
7,다큐멘터리 시청,98,학습 능력
7,다큐멘터리 시청,98,심층적 이해
7,다큐멘터리 시청,98,실용적 사고
7,다큐멘터리 시청,98,지식 탐색
7,다큐멘터리 시청,98,자기 성장
7,다큐멘터리 시청,98,탐구 정신
7,애니메이션 시청,99,열정적
7,애니메이션 시청,99,창의적
7,애니메이션 시청,99,귀여움을 즐기는
7,애니메이션 시청,99,관찰력이 뛰어난
7,애니메이션 시청,99,상상력 풍부한
7,애니메이션 시청,99,자유로운 사고를 가진
7,애니메이션 시청,99,감수성이 풍부한
7,애니메이션 시청,99,우호적인
7,애니메이션 시청,99,사교적인
7,애니메이션 시청,99,재미를 추구하는
7,애니메이션 시청,99,낙천적인
7,애니메이션 시청,99,호기심이 많은
7,애니메이션 시청,99,도전을 즐기는
7,애니메이션 시청,99,용기 있는
7,애니메이션 시청,99,신비로움을 좋아하는
7,애니메이션 시청,99,긍정적인
7,애니메이션 시청,99,도덕적인
7,애니메이션 시청,99,풍부한 감정을 가진
7,애니메이션 시청,99,인내력이 강한
7,애니메이션 시청,99,자기 표현을 좋아하는
7,드라마 시청,100,감정 표현이 풍부함
7,드라마 시청,100,상상력이 풍부함
7,드라마 시청,100,감수성이 예민함
7,드라마 시청,100,이야기에 몰입력이 뛰어남
7,드라마 시청,100,인간관계에 관심이 많음
7,드라마 시청,100,다양한 감정을 경험하고 싶어함
7,드라마 시청,100,극적인 상황을 즐김
7,드라마 시청,100,타인의 이야기에 공감능력이 뛰어남
7,드라마 시청,100,대화를 즐기는 성격
7,드라마 시청,100,캐릭터에 감정 이입이 높음
7,드라마 시청,100,이야기의 전개를 예상해보는 것을 좋아함
7,드라마 시청,100,감정적인 변화에 민감함
7,드라마 시청,100,심리적인 측면에 관심이 많음
7,드라마 시청,100,인물의 갈등을 즐기는 성향
7,드라마 시청,100,다양한 이야기를 경험하고 싶어함
7,드라마 시청,100,대화를 통해 감정을 표현하는 것을 좋아함
7,드라마 시청,100,타인의 감정을 이해하려는 성향
7,드라마 시청,100,감정적인 변화에 민감함
7,드라마 시청,100,이야기 속 캐릭터에 공감하는 능력이 뛰어남
7,드라마 시청,100,드라마를 통해 새로운 경험을 즐기는 성향
7,예능 프로그램 시청,101,유머 감각
7,예능 프로그램 시청,101,호기심이 많음
7,예능 프로그램 시청,101,유머 감각
7,예능 프로그램 시청,101,재치가 있음
7,예능 프로그램 시청,101,사교적
7,예능 프로그램 시청,101,포근한 인간미
7,예능 프로그램 시청,101,끼가 있음
7,예능 프로그램 시청,101,낙천적
7,예능 프로그램 시청,101,적극적
7,예능 프로그램 시청,101,자유분방한
7,예능 프로그램 시청,101,상상력 풍부함
7,예능 프로그램 시청,101,유쾌한 성격
7,예능 프로그램 시청,101,유머러스
7,예능 프로그램 시청,101,외향적
7,예능 프로그램 시청,101,재치 있음
7,예능 프로그램 시청,101,유머 감각이 뛰어남
7,예능 프로그램 시청,101,모험심이 강함
7,예능 프로그램 시청,101,에너지 넘치는
7,예능 프로그램 시청,101,자유로운 영혼
7,예능 프로그램 시청,101,유머러스한
7,스포츠 중계 시청,102,열정적인
7,스포츠 중계 시청,102,경기를 예측하는 재주가 있는
7,스포츠 중계 시청,102,통계에 민감한
7,스포츠 중계 시청,102,다양한 스포츠에 관심이 있는
7,스포츠 중계 시청,102,팀을 충성하는
7,스포츠 중계 시청,102,해설을 잘 따라갈 수 있는
7,스포츠 중계 시청,102,전문 용어를 잘 알고 있는
7,스포츠 중계 시청,102,경기 결과에 민감한
7,스포츠 중계 시청,102,선수들의 능력을 잘 평가하는
7,스포츠 중계 시청,102,숙련된 스포츠 팬
7,스포츠 중계 시청,102,경기를 분석하는 능력이 뛰어난
7,스포츠 중계 시청,102,심리학적인 요소를 이해하는
7,스포츠 중계 시청,102,전략적인 시각을 가진
7,스포츠 중계 시청,102,팀의 역사와 전적을 잘 아는
7,스포츠 중계 시청,102,끈기 있는
7,스포츠 중계 시청,102,다양한 스포츠 매체를 구독하는
7,스포츠 중계 시청,102,전체적인 스포츠 시즌을 파악하는
7,스포츠 중계 시청,102,자신만의 스포츠 예측 방법을 가진
7,스포츠 중계 시청,102,분석력이 뛰어난
7,스포츠 중계 시청,102,톱티어 팀을 좋아하는
7,코미디 프로그램 시청,103,유머 감각
7,코미디 프로그램 시청,103,포용력
7,코미디 프로그램 시청,103,재치
7,코미디 프로그램 시청,103,유머 감각
7,코미디 프로그램 시청,103,애교
7,코미디 프로그램 시청,103,유머 감각
7,코미디 프로그램 시청,103,긍정적 사고
7,코미디 프로그램 시청,103,농담 실력
7,코미디 프로그램 시청,103,유머 감각
7,코미디 프로그램 시청,103,유머 감각
7,코미디 프로그램 시청,103,쾌활함
7,코미디 프로그램 시청,103,유머 감각
7,코미디 프로그램 시청,103,상상력
7,코미디 프로그램 시청,103,유머 감각
7,코미디 프로그램 시청,103,유쾌함
7,코미디 프로그램 시청,103,유머 감각
7,코미디 프로그램 시청,103,창의력
7,코미디 프로그램 시청,103,유머 감각
7,코미디 프로그램 시청,103,유머 감각
7,코미디 프로그램 시청,103,유머 감각
7,SF/Fantasy 드라마 시청,104,Imagination
7,SF/Fantasy 드라마 시청,104,Curiosity
7,SF/Fantasy 드라마 시청,104,Open-mindedness
7,SF/Fantasy 드라마 시청,104,Sense of wonder
7,SF/Fantasy 드라마 시청,104,Love for adventure
7,SF/Fantasy 드라마 시청,104,Appreciation for world-building
7,SF/Fantasy 드라마 시청,104,Fascination with magic and technology
7,SF/Fantasy 드라마 시청,104,Enjoyment of complex storylines
7,SF/Fantasy 드라마 시청,104,Ability to suspend disbelief
7,SF/Fantasy 드라마 시청,104,Desire for escapism
7,SF/Fantasy 드라마 시청,104,Interest in mythical creatures
7,SF/Fantasy 드라마 시청,104,Fascination with alternate realities
7,SF/Fantasy 드라마 시청,104,Appreciation for epic battles
7,SF/Fantasy 드라마 시청,104,Enthusiasm for futuristic concepts
7,SF/Fantasy 드라마 시청,104,Fondness for supernatural elements
7,SF/Fantasy 드라마 시청,104,Desire for exploration
7,SF/Fantasy 드라마 시청,104,Appreciation for diverse cultures
7,SF/Fantasy 드라마 시청,104,Love for strong character development
7,SF/Fantasy 드라마 시청,104,Fascination with time travel
7,SF/Fantasy 드라마 시청,104,Interest in philosophical themes
7,로맨스 드라마 시청,105,로맨틱
7,로맨스 드라마 시청,105,감성적
7,로맨스 드라마 시청,105,이상적
7,로맨스 드라마 시청,105,로맨틱한 상상력
7,로맨스 드라마 시청,105,감정 표현이 뛰어남
7,로맨스 드라마 시청,105,감정을 잘 이해함
7,로맨스 드라마 시청,105,사랑에 대한 로맨틱한 이야기를 좋아함
7,로맨스 드라마 시청,105,반전과 감동을 좋아함
7,로맨스 드라마 시청,105,다정다감하고 로맨틱한 말을 좋아함
7,로맨스 드라마 시청,105,예쁜 옷을 입는 것을 즐김
7,로맨스 드라마 시청,105,로맨틱한 장면을 상상함
7,로맨스 드라마 시청,105,로맨틱한 음악을 좋아함
7,로맨스 드라마 시청,105,로맨틱한 장소를 좋아함
7,로맨스 드라마 시청,105,로맨틱한 분위기를 조성하는 것을 좋아함
7,로맨스 드라마 시청,105,로맨틱한 이야기를 쓰는 것을 좋아함
7,로맨스 드라마 시청,105,로맨틱한 영화나 드라마를 즐김
7,로맨스 드라마 시청,105,감정을 표현하는 것을 좋아함
7,로맨스 드라마 시청,105,로맨틱한 연애를 꿈꾸는 편
7,로맨스 드라마 시청,105,로맨틱한 이야기를 듣는 것을 좋아함
7,로맨스 드라마 시청,105,로맨틱한 분위기를 만드는 것을 좋아함
8,미술,106,창의적인
8,미술,106,감각적인
8,미술,106,예술적인
8,미술,106,자유로운
8,미술,106,감정 표현
8,미술,106,색채 감각
8,미술,106,자기 표현
8,미술,106,세밀한 관찰력
8,미술,106,집중력
8,미술,106,인내력
8,미술,106,자발적인
8,미술,106,상상력
8,미술,106,자기 표현 수단
8,미술,106,자율성
8,미술,106,심미적 감각
8,미술,106,자신감
8,미술,106,자기 성찰
8,미술,106,창조력
8,미술,106,비판적 사고
8,미술,106,자기 성장
8,음악감상,107,감성적인
8,음악감상,107,감정을 표현하는데 능숙한
8,음악감상,107,재미를 느끼는
8,음악감상,107,예술적인
8,음악감상,107,콘서트나 음악 이벤트를 즐기는
8,음악감상,107,다양한 음악 장르를 즐기는
8,음악감상,107,음악에 대한 지식이 풍부한
8,음악감상,107,음악가의 음악을 즐기는
8,음악감상,107,자신만의 음악적 취향을 가진
8,음악감상,107,음악을 통해 스트레스를 해소하는
8,음악감상,107,음악을 듣는 것을 즐기는
8,음악감상,107,음악에 대한 열정을 가진
8,음악감상,107,음악을 통해 감정을 이해하는
8,음악감상,107,예술적 감각이 뛰어난
8,음악감상,107,음악을 통해 자기계발을 하는
8,음악감상,107,음악에 대한 통찰력이 뛰어난
8,음악감상,107,음악을 통해 자기 식견을 키우는
8,음악감상,107,음악을 통해 창의력을 발휘하는
8,음악감상,107,음악을 통해 자기 자아를 표현하는
8,음악감상,107,음악을 통해 감정을 완전히 이해하는
8,연극,108,창의력
8,연극,108,표현력
8,연극,108,공감능력
8,연극,108,자기 표현
8,연극,108,연기력
8,연극,108,흥미
8,연극,108,자발적 참여
8,연극,108,팀워크
8,연극,108,자기관리
8,연극,108,감정 표현
8,연극,108,자신감
8,연극,108,공동체 의식
8,연극,108,자기 동기부여
8,연극,108,대인관계
8,연극,108,공연 능력
8,연극,108,연극 지식
8,연극,108,연기 훈련
8,연극,108,포장력
8,연극,108,의사소통
8,연극,108,감정인식
8,영화감상,109,영화에 대한 지식이 풍부함
8,영화감상,109,다양한 장르의 영화를 즐김
8,영화감상,109,영화 속 인물들의 감정을 공감함
8,영화감상,109,영화의 감독이나 배우를 주목함
8,영화감상,109,영화의 음악에 관심을 가짐
8,영화감상,109,영화의 시나리오나 대사를 중요시 여김
8,영화감상,109,영화의 영상미나 촬영기법을 감상함
8,영화감상,109,영화 속 캐릭터들에게 공감하거나 동경함
8,영화감상,109,영화 속 메시지나 교훈을 깊이 생각함
8,영화감상,109,영화의 연출이나 편집을 주목함
8,영화감상,109,영화 속 장면들을 기억하고 인용함
8,영화감상,109,영화의 배우들의 연기에 관심을 가짐
8,영화감상,109,영화 속 분위기나 분위기 전환을 즐김
8,영화감상,109,영화 속 장면이나 대사를 인용함
8,영화감상,109,영화의 특정 장르에 관심을 가짐
8,영화감상,109,영화 속 의상이나 분장에 관심을 가짐
8,영화감상,109,영화 속 스토리텔링을 중요시 여김
8,영화감상,109,영화 속 캐릭터의 변화와 성장을 주목함
8,영화감상,109,영화의 소재나 배경을 중요시 여김
8,영화감상,109,영화 속 장면이나 사운드를 특별히 감상함
8,서예,110,인내력
8,서예,110,집중력
8,서예,110,창의력
8,서예,110,정교함
8,서예,110,세심함
8,서예,110,규칙적
8,서예,110,반복적
8,서예,110,인내심
8,서예,110,자기통제
8,서예,110,자기희생
8,서예,110,자기관리
8,서예,110,관찰력
8,서예,110,감수성
8,서예,110,미적감각
8,서예,110,세련됨
8,서예,110,자기표현
8,서예,110,자기성찰
8,서예,110,자기수양
8,서예,110,자기만족
8,서예,110,자기관리
8,무용,111,유연함
8,무용,111,균형감각
8,무용,111,발레
8,무용,111,자세한 관찰력
8,무용,111,리듬 감각
8,무용,111,표현력
8,무용,111,인내력
8,무용,111,체력
8,무용,111,공연에 대한 열정
8,무용,111,팀워크
8,무용,111,자기 통제력
8,무용,111,자기 표현
8,무용,111,예술적 감각
8,무용,111,자기성찰
8,무용,111,자유로움
8,무용,111,자기 몰입
8,무용,111,신체적인 연습
8,무용,111,자기관리
8,무용,111,창의성
8,무용,111,자기 흥미 유발
8,악기연주,112,정확성
8,악기연주,112,규칙적인 연습
8,악기연주,112,인내력
8,악기연주,112,집중력
8,악기연주,112,창의성
8,악기연주,112,손재주
8,악기연주,112,음악적 감각
8,악기연주,112,상상력
8,악기연주,112,자기관리
8,악기연주,112,자기성찰
8,악기연주,112,포용력
8,악기연주,112,신뢰성
8,악기연주,112,자신감
8,악기연주,112,성실성
8,악기연주,112,공동작업 능력
8,악기연주,112,배려심
8,악기연주,112,창의력
8,악기연주,112,자유로움
8,악기연주,112,예술적 감각
8,악기연주,112,감수성
8,소품수집,113,성격이 꼼꼼하고 세심한 편
8,소품수집,113,새로운 것에 대한 호기심이 많음
8,소품수집,113,인내심이 강하고 끈기 있는 성격
8,소품수집,113,분류 정리를 좋아하는 습관이 있음
8,소품수집,113,자신만의 취향을 존중하고 추구하는 편
8,소품수집,113,세부적인 디테일에 관심이 많음
8,소품수집,113,관찰력이 뛰어나고 세밀한 미각을 가지고 있음
8,소품수집,113,감수성이 풍부하고 예술적인 감각이 뛰어남
8,소품수집,113,기억력이 좋아서 과거 경험을 소중히 여김
8,소품수집,113,신중하고 신뢰할 만한 판단력을 가지고 있음
8,소품수집,113,독립적이고 창의적인 사고를 지닌 성향
8,소품수집,113,상상력과 창의력이 풍부한 편
8,소품수집,113,자기 계발에 관심이 많고 자기 주도적인 성향
8,소품수집,113,관심 분야에 대한 전문 지식을 쌓는 것을 즐김
8,소품수집,113,연구하고 탐구하는 것을 좋아하는 성향
8,소품수집,113,실용적이면서도 예술적인 감성을 가지고 있음
8,소품수집,113,자신만의 취향과 삶의 가치관을 소중히 여김
8,소품수집,113,감정을 표현하고 공유하는 것을 즐김
8,소품수집,113,자신의 소중한 것을 보호하고 관리하는 습관이 있음
8,소품수집,113,자기 계발을 통해 성취감을 느끼는 편
8,요리,114,창의력
8,요리,114,인내심
8,요리,114,관찰력
8,요리,114,항상 배우려는 자세
8,요리,114,협력
8,요리,114,정확성
8,요리,114,집중력
8,요리,114,참을성
8,요리,114,실험적
8,요리,114,창조성
8,요리,114,의지력
8,요리,114,인내력
8,요리,114,균형감각
8,요리,114,소통능력
8,요리,114,상상력
8,요리,114,정확성
8,요리,114,자기계발
8,요리,114,독창성
8,요리,114,상상력
8,요리,114,인내력
8,독서,115,호기심이 많음
8,독서,115,지식 탐구에 관심이 많음
8,독서,115,자기 계발을 즐김
8,독서,115,상상력이 풍부함
8,독서,115,자기 표현력이 뛰어남
8,독서,115,분석적 사고 능력이 뛰어남
8,독서,115,인내력이 강함
8,독서,115,집중력이 뛰어남
8,독서,115,자아성찰을 즐김
8,독서,115,타인의 관점을 이해하려는 노력이 있음
8,독서,115,신체적 활동보다 정신적 활동을 선호함
8,독서,115,지적 호기심이 강함
8,독서,115,독서로 인한 지식 습득을 즐김
8,독서,115,독서를 통해 새로운 세계를 경험함
8,독서,115,독서로 인해 감정을 경각시함
8,독서,115,독서를 통해 인생의 방향을 찾음
8,독서,115,독서를 통해 자기 자신을 이해함
8,독서,115,독서로 인한 성취감을 느낌
8,독서,115,독서를 통해 사회적 문제를 이해하려는 노력이 있음
8,독서,115,독서를 통해 창의력을 키움
8,만들기,116,창의적인
8,만들기,116,인내력이 강한
8,만들기,116,자세한 주의력을 가진
8,만들기,116,규칙적인
8,만들기,116,인내심이 강한
8,만들기,116,집중력이 뛰어난
8,만들기,116,세심한
8,만들기,116,창의력이 풍부한
8,만들기,116,융통성 있는
8,만들기,116,정확성을 중요시하는
8,만들기,116,규칙을 따르는
8,만들기,116,책임감이 강한
8,만들기,116,정성이 깊은
8,만들기,116,자율적인
8,만들기,116,자기주도적인
8,만들기,116,자기계발에 관심이 많은
8,만들기,116,자신감 있는
8,만들기,116,사회성이 뛰어난
8,만들기,116,분석적인
8,만들기,116,문제해결 능력이 뛰어난
8,퀴즈,117,호기심이 많음
8,퀴즈,117,두뇌 회전이 빠름
8,퀴즈,117,정보 수집을 좋아함
8,퀴즈,117,분석적 사고력이 뛰어남
8,퀴즈,117,지식 탐구가 취미
8,퀴즈,117,문제 해결 능력이 우수함
8,퀴즈,117,상상력이 풍부함
8,퀴즈,117,관찰력이 뛰어남
8,퀴즈,117,기억력이 뛰어남
8,퀴즈,117,논리적 사고가 뛰어남
8,퀴즈,117,팀워크를 좋아함
8,퀴즈,117,도전을 즐김
8,퀴즈,117,자기계발을 즐김
8,퀴즈,117,지적 호기심이 강함
8,퀴즈,117,문제 해결에 능숙함
8,퀴즈,117,다양한 주제에 관심이 있음
8,퀴즈,117,비판적 사고가 뛰어남
8,퀴즈,117,정보를 재구성하는 능력이 우수함
8,퀴즈,117,자기 주도적 학습을 선호함
8,퀴즈,117,탐구심이 강함
8,여행,118,호기심이 많음
8,여행,118,모험을 즐김
8,여행,118,새로운 경험을 추구함
8,여행,118,탐험을 좋아함
8,여행,118,열정적
8,여행,118,도전을 두려워하지 않음
8,여행,118,유연한 사고를 갖고 있음
8,여행,118,자발적
8,여행,118,융통성이 뛰어남
8,여행,118,열정적인 탐험가
8,여행,118,개방적
8,여행,118,도전적인 정신을 가짐
8,여행,118,탐험을 통해 자기 자신을 발견함
8,여행,118,즉흥적
8,여행,118,자유로운 영혼을 가짐
8,여행,118,다양한 문화를 이해하려는 노력
8,여행,118,도전을 즐기는
8,여행,118,모험정신이 강함
8,여행,118,자유로운 영혼
8,여행,118,새로운 경험을 추구
8,사진촬영,119,창의적인
8,사진촬영,119,예술적인
8,사진촬영,119,관찰적인
8,사진촬영,119,세심한
8,사진촬영,119,자기 표현이 강한
8,사진촬영,119,인내심이 있는
8,사진촬영,119,자연을 사랑하는
8,사진촬영,119,새로운 시각을 가진
8,사진촬영,119,감수성이 풍부한
8,사진촬영,119,자유로운 영감을 즐기는
8,사진촬영,119,세계를 탐험하는
8,사진촬영,119,관심이 깊은
8,사진촬영,119,세련된 미적 감각을 가진
8,사진촬영,119,기술적인
8,사진촬영,119,대인관계를 좋아하는
8,사진촬영,119,자연스러운
8,사진촬영,119,감정을 잘 표현하는
8,사진촬영,119,순수한
8,사진촬영,119,포부가 높은
8,사진촬영,119,감각적인
8,만화,120,창의적인 상상력
8,만화,120,풍부한 상상력
8,만화,120,비현실적인 요소에 대한 관심
8,만화,120,유머 감각
8,만화,120,감정 표현의 다양성
8,만화,120,모험적인 정신
8,만화,120,다양한 캐릭터의 이야기에 관심
8,만화,120,도전적인 상황에 대한 해결 능력
8,만화,120,다양한 장르에 관심
8,만화,120,그림체에 대한 관심
8,만화,120,세부적인 세계관 구축에 관심
8,만화,120,다양한 스토리텔링 기법에 관심
8,만화,120,동료와의 협업에 적합한 성향
8,만화,120,문제 해결 능력
8,만화,120,성격의 다양성에 대한 이해
8,만화,120,세계관에 대한 깊은 이해
8,만화,120,흥미로운 플롯에 대한 감각
8,만화,120,캐릭터 간의 상호작용에 관심
8,만화,120,감정에 대한 섬세한 표현
8,만화,120,흥미로운 설정과 배경에 대한 관심
